-- --------------------------------------------------------
-- Host:                         127.0.0.1
-- Server version:               8.0.31 - MySQL Community Server - GPL
-- Server OS:                    Win64
-- HeidiSQL Version:             12.3.0.6589
-- --------------------------------------------------------

/*!40101 SET @OLD_CHARACTER_SET_CLIENT=@@CHARACTER_SET_CLIENT */;
/*!40101 SET NAMES utf8 */;
/*!50503 SET NAMES utf8mb4 */;
/*!40103 SET @OLD_TIME_ZONE=@@TIME_ZONE */;
/*!40103 SET TIME_ZONE='+00:00' */;
/*!40014 SET @OLD_FOREIGN_KEY_CHECKS=@@FOREIGN_KEY_CHECKS, FOREIGN_KEY_CHECKS=0 */;
/*!40101 SET @OLD_SQL_MODE=@@SQL_MODE, SQL_MODE='NO_AUTO_VALUE_ON_ZERO' */;
/*!40111 SET @OLD_SQL_NOTES=@@SQL_NOTES, SQL_NOTES=0 */;

-- Dumping structure for table myjob_db.auth_group
CREATE TABLE IF NOT EXISTS `auth_group` (
  `id` int NOT NULL AUTO_INCREMENT,
  `name` varchar(150) COLLATE utf8mb4_unicode_ci NOT NULL,
  PRIMARY KEY (`id`),
  UNIQUE KEY `name` (`name`)
) ENGINE=InnoDB DEFAULT CHARSET=utf8mb4 COLLATE=utf8mb4_unicode_ci;

-- Dumping data for table myjob_db.auth_group: ~0 rows (approximately)
DELETE FROM `auth_group`;

-- Dumping structure for table myjob_db.auth_group_permissions
CREATE TABLE IF NOT EXISTS `auth_group_permissions` (
  `id` bigint NOT NULL AUTO_INCREMENT,
  `group_id` int NOT NULL,
  `permission_id` int NOT NULL,
  PRIMARY KEY (`id`),
  UNIQUE KEY `auth_group_permissions_group_id_permission_id_0cd325b0_uniq` (`group_id`,`permission_id`),
  KEY `auth_group_permissio_permission_id_84c5c92e_fk_auth_perm` (`permission_id`),
  CONSTRAINT `auth_group_permissio_permission_id_84c5c92e_fk_auth_perm` FOREIGN KEY (`permission_id`) REFERENCES `auth_permission` (`id`),
  CONSTRAINT `auth_group_permissions_group_id_b120cbf9_fk_auth_group_id` FOREIGN KEY (`group_id`) REFERENCES `auth_group` (`id`)
) ENGINE=InnoDB DEFAULT CHARSET=utf8mb4 COLLATE=utf8mb4_unicode_ci;

-- Dumping data for table myjob_db.auth_group_permissions: ~0 rows (approximately)
DELETE FROM `auth_group_permissions`;

-- Dumping structure for table myjob_db.auth_permission
CREATE TABLE IF NOT EXISTS `auth_permission` (
  `id` int NOT NULL AUTO_INCREMENT,
  `name` varchar(255) COLLATE utf8mb4_unicode_ci NOT NULL,
  `content_type_id` int NOT NULL,
  `codename` varchar(100) COLLATE utf8mb4_unicode_ci NOT NULL,
  PRIMARY KEY (`id`),
  UNIQUE KEY `auth_permission_content_type_id_codename_01ab375a_uniq` (`content_type_id`,`codename`),
  CONSTRAINT `auth_permission_content_type_id_2f476e4b_fk_django_co` FOREIGN KEY (`content_type_id`) REFERENCES `django_content_type` (`id`)
) ENGINE=InnoDB AUTO_INCREMENT=169 DEFAULT CHARSET=utf8mb4 COLLATE=utf8mb4_unicode_ci;

-- Dumping data for table myjob_db.auth_permission: ~148 rows (approximately)
DELETE FROM `auth_permission`;
INSERT INTO `auth_permission` (`id`, `name`, `content_type_id`, `codename`) VALUES
	(1, 'Can add log entry', 1, 'add_logentry'),
	(2, 'Can change log entry', 1, 'change_logentry'),
	(3, 'Can delete log entry', 1, 'delete_logentry'),
	(4, 'Can view log entry', 1, 'view_logentry'),
	(5, 'Can add permission', 2, 'add_permission'),
	(6, 'Can change permission', 2, 'change_permission'),
	(7, 'Can delete permission', 2, 'delete_permission'),
	(8, 'Can view permission', 2, 'view_permission'),
	(9, 'Can add group', 3, 'add_group'),
	(10, 'Can change group', 3, 'change_group'),
	(11, 'Can delete group', 3, 'delete_group'),
	(12, 'Can view group', 3, 'view_group'),
	(13, 'Can add content type', 4, 'add_contenttype'),
	(14, 'Can change content type', 4, 'change_contenttype'),
	(15, 'Can delete content type', 4, 'delete_contenttype'),
	(16, 'Can view content type', 4, 'view_contenttype'),
	(17, 'Can add session', 5, 'add_session'),
	(18, 'Can change session', 5, 'change_session'),
	(19, 'Can delete session', 5, 'delete_session'),
	(20, 'Can view session', 5, 'view_session'),
	(21, 'Can add application', 6, 'add_application'),
	(22, 'Can change application', 6, 'change_application'),
	(23, 'Can delete application', 6, 'delete_application'),
	(24, 'Can view application', 6, 'view_application'),
	(25, 'Can add access token', 7, 'add_accesstoken'),
	(26, 'Can change access token', 7, 'change_accesstoken'),
	(27, 'Can delete access token', 7, 'delete_accesstoken'),
	(28, 'Can view access token', 7, 'view_accesstoken'),
	(29, 'Can add grant', 8, 'add_grant'),
	(30, 'Can change grant', 8, 'change_grant'),
	(31, 'Can delete grant', 8, 'delete_grant'),
	(32, 'Can view grant', 8, 'view_grant'),
	(33, 'Can add refresh token', 9, 'add_refreshtoken'),
	(34, 'Can change refresh token', 9, 'change_refreshtoken'),
	(35, 'Can delete refresh token', 9, 'delete_refreshtoken'),
	(36, 'Can view refresh token', 9, 'view_refreshtoken'),
	(37, 'Can add id token', 10, 'add_idtoken'),
	(38, 'Can change id token', 10, 'change_idtoken'),
	(39, 'Can delete id token', 10, 'delete_idtoken'),
	(40, 'Can view id token', 10, 'view_idtoken'),
	(41, 'Can add association', 11, 'add_association'),
	(42, 'Can change association', 11, 'change_association'),
	(43, 'Can delete association', 11, 'delete_association'),
	(44, 'Can view association', 11, 'view_association'),
	(45, 'Can add code', 12, 'add_code'),
	(46, 'Can change code', 12, 'change_code'),
	(47, 'Can delete code', 12, 'delete_code'),
	(48, 'Can view code', 12, 'view_code'),
	(49, 'Can add nonce', 13, 'add_nonce'),
	(50, 'Can change nonce', 13, 'change_nonce'),
	(51, 'Can delete nonce', 13, 'delete_nonce'),
	(52, 'Can view nonce', 13, 'view_nonce'),
	(53, 'Can add user social auth', 14, 'add_usersocialauth'),
	(54, 'Can change user social auth', 14, 'change_usersocialauth'),
	(55, 'Can delete user social auth', 14, 'delete_usersocialauth'),
	(56, 'Can view user social auth', 14, 'view_usersocialauth'),
	(57, 'Can add partial', 15, 'add_partial'),
	(58, 'Can change partial', 15, 'change_partial'),
	(59, 'Can delete partial', 15, 'delete_partial'),
	(60, 'Can view partial', 15, 'view_partial'),
	(61, 'Can add career', 16, 'add_career'),
	(62, 'Can change career', 16, 'change_career'),
	(63, 'Can delete career', 16, 'delete_career'),
	(64, 'Can view career', 16, 'view_career'),
	(65, 'Can add city', 17, 'add_city'),
	(66, 'Can change city', 17, 'change_city'),
	(67, 'Can delete city', 17, 'delete_city'),
	(68, 'Can view city', 17, 'view_city'),
	(69, 'Can add district', 18, 'add_district'),
	(70, 'Can change district', 18, 'change_district'),
	(71, 'Can delete district', 18, 'delete_district'),
	(72, 'Can view district', 18, 'view_district'),
	(73, 'Can add location', 19, 'add_location'),
	(74, 'Can change location', 19, 'change_location'),
	(75, 'Can delete location', 19, 'delete_location'),
	(76, 'Can view location', 19, 'view_location'),
	(77, 'Can add user', 20, 'add_user'),
	(78, 'Can change user', 20, 'change_user'),
	(79, 'Can delete user', 20, 'delete_user'),
	(80, 'Can view user', 20, 'view_user'),
	(81, 'Can add company', 21, 'add_company'),
	(82, 'Can change company', 21, 'change_company'),
	(83, 'Can delete company', 21, 'delete_company'),
	(84, 'Can view company', 21, 'view_company'),
	(85, 'Can add job seeker profile', 22, 'add_jobseekerprofile'),
	(86, 'Can change job seeker profile', 22, 'change_jobseekerprofile'),
	(87, 'Can delete job seeker profile', 22, 'delete_jobseekerprofile'),
	(88, 'Can view job seeker profile', 22, 'view_jobseekerprofile'),
	(89, 'Can add resume', 23, 'add_resume'),
	(90, 'Can change resume', 23, 'change_resume'),
	(91, 'Can delete resume', 23, 'delete_resume'),
	(92, 'Can view resume', 23, 'view_resume'),
	(93, 'Can add language skill', 24, 'add_languageskill'),
	(94, 'Can change language skill', 24, 'change_languageskill'),
	(95, 'Can delete language skill', 24, 'delete_languageskill'),
	(96, 'Can view language skill', 24, 'view_languageskill'),
	(97, 'Can add experience detail', 25, 'add_experiencedetail'),
	(98, 'Can change experience detail', 25, 'change_experiencedetail'),
	(99, 'Can delete experience detail', 25, 'delete_experiencedetail'),
	(100, 'Can view experience detail', 25, 'view_experiencedetail'),
	(101, 'Can add education detail', 26, 'add_educationdetail'),
	(102, 'Can change education detail', 26, 'change_educationdetail'),
	(103, 'Can delete education detail', 26, 'delete_educationdetail'),
	(104, 'Can view education detail', 26, 'view_educationdetail'),
	(105, 'Can add company image', 27, 'add_companyimage'),
	(106, 'Can change company image', 27, 'change_companyimage'),
	(107, 'Can delete company image', 27, 'delete_companyimage'),
	(108, 'Can view company image', 27, 'view_companyimage'),
	(109, 'Can add certificate', 28, 'add_certificate'),
	(110, 'Can change certificate', 28, 'change_certificate'),
	(111, 'Can delete certificate', 28, 'delete_certificate'),
	(112, 'Can view certificate', 28, 'view_certificate'),
	(113, 'Can add advanced skill', 29, 'add_advancedskill'),
	(114, 'Can change advanced skill', 29, 'change_advancedskill'),
	(115, 'Can delete advanced skill', 29, 'delete_advancedskill'),
	(116, 'Can view advanced skill', 29, 'view_advancedskill'),
	(117, 'Can add job post', 30, 'add_jobpost'),
	(118, 'Can change job post', 30, 'change_jobpost'),
	(119, 'Can delete job post', 30, 'delete_jobpost'),
	(120, 'Can view job post', 30, 'view_jobpost'),
	(121, 'Can add saved job post', 31, 'add_savedjobpost'),
	(122, 'Can change saved job post', 31, 'change_savedjobpost'),
	(123, 'Can delete saved job post', 31, 'delete_savedjobpost'),
	(124, 'Can view saved job post', 31, 'view_savedjobpost'),
	(125, 'Can add job post career', 32, 'add_jobpostcareer'),
	(126, 'Can change job post career', 32, 'change_jobpostcareer'),
	(127, 'Can delete job post career', 32, 'delete_jobpostcareer'),
	(128, 'Can view job post career', 32, 'view_jobpostcareer'),
	(129, 'Can add job post activity', 33, 'add_jobpostactivity'),
	(130, 'Can change job post activity', 33, 'change_jobpostactivity'),
	(131, 'Can delete job post activity', 33, 'delete_jobpostactivity'),
	(132, 'Can view job post activity', 33, 'view_jobpostactivity'),
	(133, 'Can add comment', 34, 'add_comment'),
	(134, 'Can change comment', 34, 'change_comment'),
	(135, 'Can delete comment', 34, 'delete_comment'),
	(136, 'Can view comment', 34, 'view_comment'),
	(137, 'Can add like', 35, 'add_like'),
	(138, 'Can change like', 35, 'change_like'),
	(139, 'Can delete like', 35, 'delete_like'),
	(140, 'Can view like', 35, 'view_like'),
	(141, 'Can add post', 36, 'add_post'),
	(142, 'Can change post', 36, 'change_post'),
	(143, 'Can delete post', 36, 'delete_post'),
	(144, 'Can view post', 36, 'view_post'),
	(145, 'Can add saved post', 37, 'add_savedpost'),
	(146, 'Can change saved post', 37, 'change_savedpost'),
	(147, 'Can delete saved post', 37, 'delete_savedpost'),
	(148, 'Can view saved post', 37, 'view_savedpost'),
	(149, 'Can add resume saved', 38, 'add_resumesaved'),
	(150, 'Can change resume saved', 38, 'change_resumesaved'),
	(151, 'Can delete resume saved', 38, 'delete_resumesaved'),
	(152, 'Can view resume saved', 38, 'view_resumesaved'),
	(153, 'Can add resume viewed', 39, 'add_resumeviewed'),
	(154, 'Can change resume viewed', 39, 'change_resumeviewed'),
	(155, 'Can delete resume viewed', 39, 'delete_resumeviewed'),
	(156, 'Can view resume viewed', 39, 'view_resumeviewed'),
	(157, 'Can add company followed', 40, 'add_companyfollowed'),
	(158, 'Can change company followed', 40, 'change_companyfollowed'),
	(159, 'Can delete company followed', 40, 'delete_companyfollowed'),
	(160, 'Can view company followed', 40, 'view_companyfollowed'),
	(161, 'Can add feedback', 41, 'add_feedback'),
	(162, 'Can change feedback', 41, 'change_feedback'),
	(163, 'Can delete feedback', 41, 'delete_feedback'),
	(164, 'Can view feedback', 41, 'view_feedback'),
	(165, 'Can add feedback', 42, 'add_feedback'),
	(166, 'Can change feedback', 42, 'change_feedback'),
	(167, 'Can delete feedback', 42, 'delete_feedback'),
	(168, 'Can view feedback', 42, 'view_feedback');

-- Dumping structure for table myjob_db.django_admin_log
CREATE TABLE IF NOT EXISTS `django_admin_log` (
  `id` int NOT NULL AUTO_INCREMENT,
  `action_time` datetime(6) NOT NULL,
  `object_id` longtext COLLATE utf8mb4_unicode_ci,
  `object_repr` varchar(200) COLLATE utf8mb4_unicode_ci NOT NULL,
  `action_flag` smallint unsigned NOT NULL,
  `change_message` longtext COLLATE utf8mb4_unicode_ci NOT NULL,
  `content_type_id` int DEFAULT NULL,
  `user_id` bigint NOT NULL,
  PRIMARY KEY (`id`),
  KEY `django_admin_log_content_type_id_c4bce8eb_fk_django_co` (`content_type_id`),
  KEY `django_admin_log_user_id_c564eba6_fk_myjob_aut` (`user_id`),
  CONSTRAINT `django_admin_log_content_type_id_c4bce8eb_fk_django_co` FOREIGN KEY (`content_type_id`) REFERENCES `django_content_type` (`id`),
  CONSTRAINT `django_admin_log_user_id_c564eba6_fk_myjob_aut` FOREIGN KEY (`user_id`) REFERENCES `myjob_authentication_user` (`id`),
  CONSTRAINT `django_admin_log_chk_1` CHECK ((`action_flag` >= 0))
) ENGINE=InnoDB DEFAULT CHARSET=utf8mb4 COLLATE=utf8mb4_unicode_ci;

-- Dumping data for table myjob_db.django_admin_log: ~0 rows (approximately)
DELETE FROM `django_admin_log`;

-- Dumping structure for table myjob_db.django_content_type
CREATE TABLE IF NOT EXISTS `django_content_type` (
  `id` int NOT NULL AUTO_INCREMENT,
  `app_label` varchar(100) COLLATE utf8mb4_unicode_ci NOT NULL,
  `model` varchar(100) COLLATE utf8mb4_unicode_ci NOT NULL,
  PRIMARY KEY (`id`),
  UNIQUE KEY `django_content_type_app_label_model_76bd3d3b_uniq` (`app_label`,`model`)
) ENGINE=InnoDB AUTO_INCREMENT=43 DEFAULT CHARSET=utf8mb4 COLLATE=utf8mb4_unicode_ci;

-- Dumping data for table myjob_db.django_content_type: ~37 rows (approximately)
DELETE FROM `django_content_type`;
INSERT INTO `django_content_type` (`id`, `app_label`, `model`) VALUES
	(1, 'admin', 'logentry'),
	(3, 'auth', 'group'),
	(2, 'auth', 'permission'),
	(20, 'authentication', 'user'),
	(16, 'common', 'career'),
	(17, 'common', 'city'),
	(18, 'common', 'district'),
	(41, 'common', 'feedback'),
	(19, 'common', 'location'),
	(4, 'contenttypes', 'contenttype'),
	(29, 'info', 'advancedskill'),
	(28, 'info', 'certificate'),
	(21, 'info', 'company'),
	(40, 'info', 'companyfollowed'),
	(27, 'info', 'companyimage'),
	(26, 'info', 'educationdetail'),
	(25, 'info', 'experiencedetail'),
	(22, 'info', 'jobseekerprofile'),
	(24, 'info', 'languageskill'),
	(23, 'info', 'resume'),
	(38, 'info', 'resumesaved'),
	(39, 'info', 'resumeviewed'),
	(30, 'job', 'jobpost'),
	(33, 'job', 'jobpostactivity'),
	(32, 'job', 'jobpostcareer'),
	(31, 'job', 'savedjobpost'),
	(42, 'myjob', 'feedback'),
	(7, 'oauth2_provider', 'accesstoken'),
	(6, 'oauth2_provider', 'application'),
	(8, 'oauth2_provider', 'grant'),
	(10, 'oauth2_provider', 'idtoken'),
	(9, 'oauth2_provider', 'refreshtoken'),
	(34, 'post', 'comment'),
	(35, 'post', 'like'),
	(36, 'post', 'post'),
	(37, 'post', 'savedpost'),
	(5, 'sessions', 'session'),
	(11, 'social_django', 'association'),
	(12, 'social_django', 'code'),
	(13, 'social_django', 'nonce'),
	(15, 'social_django', 'partial'),
	(14, 'social_django', 'usersocialauth');

-- Dumping structure for table myjob_db.django_migrations
CREATE TABLE IF NOT EXISTS `django_migrations` (
  `id` bigint NOT NULL AUTO_INCREMENT,
  `app` varchar(255) COLLATE utf8mb4_unicode_ci NOT NULL,
  `name` varchar(255) COLLATE utf8mb4_unicode_ci NOT NULL,
  `applied` datetime(6) NOT NULL,
  PRIMARY KEY (`id`)
) ENGINE=InnoDB AUTO_INCREMENT=65 DEFAULT CHARSET=utf8mb4 COLLATE=utf8mb4_unicode_ci;

-- Dumping data for table myjob_db.django_migrations: ~49 rows (approximately)
DELETE FROM `django_migrations`;
INSERT INTO `django_migrations` (`id`, `app`, `name`, `applied`) VALUES
	(1, 'contenttypes', '0001_initial', '2023-03-21 21:49:25.458639'),
	(2, 'authentication', '0001_initial', '2023-03-21 21:49:25.496838'),
	(3, 'admin', '0001_initial', '2023-03-21 21:49:25.605275'),
	(4, 'admin', '0002_logentry_remove_auto_add', '2023-03-21 21:49:25.610307'),
	(5, 'admin', '0003_logentry_add_action_flag_choices', '2023-03-21 21:49:25.615481'),
	(6, 'contenttypes', '0002_remove_content_type_name', '2023-03-21 21:49:25.676444'),
	(7, 'auth', '0001_initial', '2023-03-21 21:49:25.843440'),
	(8, 'auth', '0002_alter_permission_name_max_length', '2023-03-21 21:49:25.885627'),
	(9, 'auth', '0003_alter_user_email_max_length', '2023-03-21 21:49:25.892218'),
	(10, 'auth', '0004_alter_user_username_opts', '2023-03-21 21:49:25.898201'),
	(11, 'auth', '0005_alter_user_last_login_null', '2023-03-21 21:49:25.903716'),
	(12, 'auth', '0006_require_contenttypes_0002', '2023-03-21 21:49:25.905710'),
	(13, 'auth', '0007_alter_validators_add_error_messages', '2023-03-21 21:49:25.913282'),
	(14, 'auth', '0008_alter_user_username_max_length', '2023-03-21 21:49:25.919291'),
	(15, 'auth', '0009_alter_user_last_name_max_length', '2023-03-21 21:49:25.925357'),
	(16, 'auth', '0010_alter_group_name_max_length', '2023-03-21 21:49:25.939462'),
	(17, 'auth', '0011_update_proxy_permissions', '2023-03-21 21:49:25.946549'),
	(18, 'auth', '0012_alter_user_first_name_max_length', '2023-03-21 21:49:25.953125'),
	(19, 'common', '0001_initial', '2023-03-21 21:49:26.101167'),
	(20, 'info', '0001_initial', '2023-03-21 21:49:26.865436'),
	(21, 'job', '0001_initial', '2023-03-21 21:49:27.382926'),
	(22, 'oauth2_provider', '0001_initial', '2023-03-21 21:49:27.950244'),
	(23, 'oauth2_provider', '0002_auto_20190406_1805', '2023-03-21 21:49:28.041257'),
	(24, 'oauth2_provider', '0003_auto_20201211_1314', '2023-03-21 21:49:28.090327'),
	(25, 'oauth2_provider', '0004_auto_20200902_2022', '2023-03-21 21:49:28.407701'),
	(26, 'oauth2_provider', '0005_auto_20211222_2352', '2023-03-21 21:49:28.493891'),
	(27, 'oauth2_provider', '0006_alter_application_client_secret', '2023-03-21 21:49:28.522850'),
	(28, 'post', '0001_initial', '2023-03-21 21:49:28.974597'),
	(29, 'sessions', '0001_initial', '2023-03-21 21:49:29.000331'),
	(30, 'default', '0001_initial', '2023-03-21 21:49:29.211052'),
	(31, 'social_auth', '0001_initial', '2023-03-21 21:49:29.215043'),
	(32, 'default', '0002_add_related_name', '2023-03-21 21:49:29.237149'),
	(33, 'social_auth', '0002_add_related_name', '2023-03-21 21:49:29.239170'),
	(34, 'default', '0003_alter_email_max_length', '2023-03-21 21:49:29.253054'),
	(35, 'social_auth', '0003_alter_email_max_length', '2023-03-21 21:49:29.256304'),
	(36, 'default', '0004_auto_20160423_0400', '2023-03-21 21:49:29.274453'),
	(37, 'social_auth', '0004_auto_20160423_0400', '2023-03-21 21:49:29.277940'),
	(38, 'social_auth', '0005_auto_20160727_2333', '2023-03-21 21:49:29.293782'),
	(39, 'social_django', '0006_partial', '2023-03-21 21:49:29.338585'),
	(40, 'social_django', '0007_code_timestamp', '2023-03-21 21:49:29.368419'),
	(41, 'social_django', '0008_partial_timestamp', '2023-03-21 21:49:29.398417'),
	(42, 'social_django', '0009_auto_20191118_0520', '2023-03-21 21:49:29.460272'),
	(43, 'social_django', '0010_uid_db_index', '2023-03-21 21:49:29.487259'),
	(44, 'social_django', '0003_alter_email_max_length', '2023-03-21 21:49:29.492059'),
	(45, 'social_django', '0005_auto_20160727_2333', '2023-03-21 21:49:29.495088'),
	(46, 'social_django', '0002_add_related_name', '2023-03-21 21:49:29.498078'),
	(47, 'social_django', '0001_initial', '2023-03-21 21:49:29.501308'),
	(48, 'social_django', '0004_auto_20160423_0400', '2023-03-21 21:49:29.503573'),
	(49, 'info', '0002_remove_resume_salary_resume_salary_max_and_more', '2023-03-21 22:56:01.441162'),
	(50, 'info', '0003_resume_file_url_resume_image_url', '2023-03-21 23:11:54.811352'),
	(51, 'info', '0004_resume_public_id', '2023-03-23 23:58:19.714146'),
	(52, 'authentication', '0002_user_avatar_public_id', '2023-03-24 15:21:22.409146'),
	(53, 'authentication', '0003_alter_user_avatar_url', '2023-03-25 01:16:30.315240'),
	(54, 'common', '0002_career_icon_url', '2023-03-26 17:52:22.107673'),
	(55, 'job', '0002_remove_jobpost_careers_jobpost_career_and_more', '2023-03-28 11:22:35.483768'),
	(56, 'job', '0003_jobpost_shares_jobpost_views', '2023-03-28 11:50:16.515371'),
	(57, 'info', '0005_resumeviewed_resumesaved_companyfollowed', '2023-03-28 12:03:45.938535'),
	(58, 'info', '0006_company_followers_resume_savers_resume_viewers_and_more', '2023-03-28 12:12:49.549796'),
	(59, 'common', '0003_feedback', '2023-03-28 12:40:44.125451'),
	(60, 'common', '0004_alter_feedback_table', '2023-03-28 12:41:24.967755'),
	(61, 'common', '0005_feedback_is_active', '2023-03-29 01:50:53.259363'),
	(62, 'common', '0006_delete_feedback', '2023-03-29 02:30:09.117189'),
	(63, 'myjob', '0001_initial', '2023-03-29 02:30:09.215300'),
	(64, 'myjob', '0002_alter_feedback_content', '2023-03-29 11:35:01.754640');

-- Dumping structure for table myjob_db.django_session
CREATE TABLE IF NOT EXISTS `django_session` (
  `session_key` varchar(40) COLLATE utf8mb4_unicode_ci NOT NULL,
  `session_data` longtext COLLATE utf8mb4_unicode_ci NOT NULL,
  `expire_date` datetime(6) NOT NULL,
  PRIMARY KEY (`session_key`),
  KEY `django_session_expire_date_a5c62663` (`expire_date`)
) ENGINE=InnoDB DEFAULT CHARSET=utf8mb4 COLLATE=utf8mb4_unicode_ci;

-- Dumping data for table myjob_db.django_session: ~1 rows (approximately)
DELETE FROM `django_session`;
INSERT INTO `django_session` (`session_key`, `session_data`, `expire_date`) VALUES
	('ymvwwlsn25mnhb5wjqpty82bkqad5sof', '.eJxVjMsKwjAQAP8lZwl5LHl49O43hN1saqqSQtOeiv8ugR70OjPMIRLuW017L2uaWVyFFpdfRphfpQ3BT2yPRealbetMciTytF3eFy7v29n-DSr2OraZLToPEZBDsABak_JZ-WgMBDIxULGRDICJzE65iCXwlNkrnMBm8fkCwXg3eA:1pedJV:-Fzw2BOPoYQ9ZWLN0MynOIp-NPmqzR6nPYZBE-zUaDs', '2023-04-04 21:50:13.109192');

-- Dumping structure for table myjob_db.myjob_authentication_user
CREATE TABLE IF NOT EXISTS `myjob_authentication_user` (
  `id` bigint NOT NULL AUTO_INCREMENT,
  `password` varchar(128) COLLATE utf8mb4_unicode_ci NOT NULL,
  `last_login` datetime(6) DEFAULT NULL,
  `is_superuser` tinyint(1) NOT NULL,
  `is_staff` tinyint(1) NOT NULL,
  `is_active` tinyint(1) NOT NULL,
  `create_at` datetime(6) NOT NULL,
  `update_at` datetime(6) NOT NULL,
  `full_name` varchar(100) COLLATE utf8mb4_unicode_ci NOT NULL,
  `email` varchar(100) COLLATE utf8mb4_unicode_ci NOT NULL,
  `avatar_url` varchar(300) COLLATE utf8mb4_unicode_ci DEFAULT NULL,
  `email_notification_active` tinyint(1) NOT NULL,
  `sms_notification_active` tinyint(1) NOT NULL,
  `has_company` tinyint(1) NOT NULL,
  `is_verify_email` tinyint(1) NOT NULL,
  `role_name` varchar(10) COLLATE utf8mb4_unicode_ci NOT NULL,
  `avatar_public_id` varchar(300) COLLATE utf8mb4_unicode_ci DEFAULT NULL,
  PRIMARY KEY (`id`),
  UNIQUE KEY `email` (`email`)
) ENGINE=InnoDB AUTO_INCREMENT=7 DEFAULT CHARSET=utf8mb4 COLLATE=utf8mb4_unicode_ci;

-- Dumping data for table myjob_db.myjob_authentication_user: ~5 rows (approximately)
DELETE FROM `myjob_authentication_user`;
INSERT INTO `myjob_authentication_user` (`id`, `password`, `last_login`, `is_superuser`, `is_staff`, `is_active`, `create_at`, `update_at`, `full_name`, `email`, `avatar_url`, `email_notification_active`, `sms_notification_active`, `has_company`, `is_verify_email`, `role_name`, `avatar_public_id`) VALUES
	(1, 'pbkdf2_sha256$390000$n7LJChQKxcQj3Etw9Td1rJ$Eq3r+g8cn4goaXrX5785evw2IMh5W08dAbxtcgXoEVo=', '2023-03-21 21:50:13.105919', 1, 1, 1, '2023-03-21 21:49:55.528410', '2023-03-21 21:49:55.531566', 'admin', 'myjob.contact00000@gmail.com', 'https://images.unsplash.com/photo-1583512603805-3cc6b41f3edb?ixlib=rb-4.0.3&ixid=MnwxMjA3fDB8MHxwaG90by1wYWdlfHx8fGVufDB8fHx8&auto=format&fit=crop&w=880&q=80', 1, 1, 0, 1, 'ADMIN', NULL),
	(2, 'pbkdf2_sha256$390000$g0zqLkibuEI0nFUdiS4QpU$TE+fUtdDx7DGSl2WEl6fhaUZveFa0uXgqWPmaM5an0E=', NULL, 0, 0, 1, '2023-03-21 21:52:26.445780', '2023-03-27 18:42:08.642154', 'Bùi Khánh Huy', 'khuy220@gmail.com', 'https://res.cloudinary.com/dtnpj540t/image/upload/v1679917328/my-job/avatar/2023/3/2.png', 1, 1, 0, 1, 'JOB_SEEKER', 'my-job/avatar/2023/3/2'),
	(3, 'pbkdf2_sha256$390000$9tN8i6xeeCYywoJYISu98h$Gtcde2IWBRrSy7orBmHMtSwZhEDnV0ZHofOvUI7jnok=', NULL, 0, 0, 1, '2023-03-21 21:57:40.977410', '2023-03-27 18:42:56.133474', 'Quỳnh Trang', 'ahihi@gmail.com', 'https://res.cloudinary.com/dtnpj540t/image/upload/v1679917368/my-job/avatar/2023/3/3.png', 1, 1, 1, 1, 'EMPLOYER', 'my-job/avatar/2023/3/3'),
	(4, 'pbkdf2_sha256$390000$5IoRZr304f4KnbuF6cnjd6$NUcD9nRAwjki2LEoWzNfgvzM5eR1ESE5p0KhuPHZB4A=', NULL, 0, 0, 1, '2023-03-22 14:34:44.188330', '2023-03-22 17:02:47.965775', 'Bùi Khánh Văn', 'kvan220@gmail.com', 'https://images.unsplash.com/photo-1583512603805-3cc6b41f3edb?ixlib=rb-4.0.3&ixid=MnwxMjA3fDB8MHxwaG90by1wYWdlfHx8fGVufDB8fHx8&auto=format&fit=crop&w=880&q=80', 1, 1, 0, 1, 'JOB_SEEKER', NULL),
	(5, 'pbkdf2_sha256$390000$w2X2w1oj48Srhj3iW7Zhou$jImYRhKN1WENl74UwtJunWSIX6wIgr+BbIwilQns6hk=', NULL, 0, 0, 1, '2023-03-25 01:14:31.865328', '2023-03-25 01:21:23.591375', 'Nguyễn Ngọc Lên', 'ngoclen@gmail.com', 'https://jobsgo.vn/teks/img/avatar/7.jpg', 1, 1, 0, 1, 'JOB_SEEKER', 'my-job/avatar/2023/3/25/5'),
	(6, 'pbkdf2_sha256$390000$iI02sCucsXaIY6qhAl6W75$UxjWC3Pjnr6PuzR6iiZGR3rNh4WP96PCQ+j4mJiQ/mU=', NULL, 0, 0, 1, '2023-03-29 01:20:12.206871', '2023-03-29 01:21:49.215652', 'Thu Trang', 'thutrang@gmail.com', 'https://res.cloudinary.com/dtnpj540t/image/upload/v1680027708/my-job/avatar/2023/3/6.png', 1, 1, 1, 1, 'EMPLOYER', 'my-job/avatar/2023/3/6');

-- Dumping structure for table myjob_db.myjob_common_career
CREATE TABLE IF NOT EXISTS `myjob_common_career` (
  `id` bigint NOT NULL AUTO_INCREMENT,
  `create_at` datetime(6) NOT NULL,
  `update_at` datetime(6) NOT NULL,
  `name` varchar(150) COLLATE utf8mb4_unicode_ci NOT NULL,
  `icon_url` varchar(300) COLLATE utf8mb4_unicode_ci DEFAULT NULL,
  PRIMARY KEY (`id`)
) ENGINE=InnoDB AUTO_INCREMENT=98 DEFAULT CHARSET=utf8mb4 COLLATE=utf8mb4_unicode_ci;

-- Dumping data for table myjob_db.myjob_common_career: ~97 rows (approximately)
DELETE FROM `myjob_common_career`;
INSERT INTO `myjob_common_career` (`id`, `create_at`, `update_at`, `name`, `icon_url`) VALUES
	(1, '2023-03-21 21:55:45.393801', '2023-03-21 21:55:45.393801', 'Chứng khoán - Vàng', 'https://cdn-icons-png.flaticon.com/128/1470/1470011.png'),
	(2, '2023-03-21 21:55:45.396793', '2023-03-21 21:55:45.396793', 'Tài chính - Tiền tệ', 'https://cdn-icons-png.flaticon.com/128/1470/1470011.png'),
	(3, '2023-03-21 21:55:45.398789', '2023-03-21 21:55:45.398789', 'Bảo hiểm/ Tư vấn bảo hiểm', 'https://cdn-icons-png.flaticon.com/128/1470/1470011.png'),
	(4, '2023-03-21 21:55:45.401785', '2023-03-21 21:55:45.401785', 'Đầu tư', 'https://cdn-icons-png.flaticon.com/128/1470/1470011.png'),
	(5, '2023-03-21 21:55:45.404290', '2023-03-21 21:55:45.404290', 'Bất động sản', 'https://cdn-icons-png.flaticon.com/128/1470/1470011.png'),
	(6, '2023-03-21 21:55:45.405796', '2023-03-21 21:55:45.405796', 'Kế toán - Kiểm toán', 'https://cdn-icons-png.flaticon.com/128/1470/1470011.png'),
	(7, '2023-03-21 21:55:45.407792', '2023-03-21 21:55:45.407792', 'Ngân hàng/ Tài Chính', 'https://cdn-icons-png.flaticon.com/128/3417/3417281.png'),
	(8, '2023-03-21 21:55:45.409786', '2023-03-21 21:55:45.409786', 'Xây dựng', 'https://cdn-icons-png.flaticon.com/128/1470/1470011.png'),
	(9, '2023-03-21 21:55:45.412287', '2023-03-21 21:55:45.412287', 'Kiến trúc - Thiết kế nội thất', 'https://cdn-icons-png.flaticon.com/128/1470/1470011.png'),
	(10, '2023-03-21 21:55:45.413289', '2023-03-21 21:55:45.413289', 'Khách sạn - Du lịch', 'https://cdn-icons-png.flaticon.com/128/1470/1470011.png'),
	(11, '2023-03-21 21:55:45.415287', '2023-03-21 21:55:45.415287', 'Du lịch', 'https://cdn-icons-png.flaticon.com/128/1470/1470011.png'),
	(12, '2023-03-21 21:55:45.417288', '2023-03-21 21:55:45.417288', 'Khách sạn - Nhà hàng', 'https://cdn-icons-png.flaticon.com/128/1470/1470011.png'),
	(13, '2023-03-21 21:55:45.420276', '2023-03-21 21:55:45.420276', 'Sản xuất', 'https://cdn-icons-png.flaticon.com/128/1470/1470011.png'),
	(14, '2023-03-21 21:55:45.421785', '2023-03-21 21:55:45.421785', 'Công nghệ cao', 'https://cdn-icons-png.flaticon.com/128/1470/1470011.png'),
	(15, '2023-03-21 21:55:45.423809', '2023-03-21 21:55:45.423809', 'Công nghiệp', 'https://cdn-icons-png.flaticon.com/128/1470/1470011.png'),
	(16, '2023-03-21 21:55:45.425803', '2023-03-21 21:55:45.425803', 'Dệt may - Da giày', 'https://cdn-icons-png.flaticon.com/128/1470/1470011.png'),
	(17, '2023-03-21 21:55:45.426800', '2023-03-21 21:55:45.426800', 'In ấn - Xuất bản', 'https://cdn-icons-png.flaticon.com/128/1470/1470011.png'),
	(18, '2023-03-21 21:55:45.428795', '2023-03-21 21:55:45.428795', 'Lao động phổ thông', 'https://cdn-icons-png.flaticon.com/128/1470/1470011.png'),
	(19, '2023-03-21 21:55:45.429792', '2023-03-21 21:55:45.429792', 'Nông - Lâm - Ngư nghiệp', 'https://cdn-icons-png.flaticon.com/128/1470/1470011.png'),
	(20, '2023-03-21 21:55:45.430791', '2023-03-21 21:55:45.430791', 'Ô tô - Xe máy', 'https://cdn-icons-png.flaticon.com/128/1470/1470011.png'),
	(21, '2023-03-21 21:55:45.431788', '2023-03-21 21:55:45.431788', 'Thủ công mỹ nghệ', 'https://cdn-icons-png.flaticon.com/128/1470/1470011.png'),
	(22, '2023-03-21 21:55:45.434826', '2023-03-21 21:55:45.434826', 'Vật tư/Thiết bị/Mua hàng', 'https://cdn-icons-png.flaticon.com/128/1470/1470011.png'),
	(23, '2023-03-21 21:55:45.436816', '2023-03-21 21:55:45.436816', 'Làm thêm', 'https://cdn-icons-png.flaticon.com/128/1470/1470011.png'),
	(24, '2023-03-21 21:55:45.437812', '2023-03-21 21:55:45.437812', 'Làm bán thời gian', 'https://cdn-icons-png.flaticon.com/128/1470/1470011.png'),
	(25, '2023-03-21 21:55:45.439807', '2023-03-21 21:55:45.439807', 'Nhân viên trông quán internet', 'https://cdn-icons-png.flaticon.com/128/1470/1470011.png'),
	(26, '2023-03-21 21:55:45.440804', '2023-03-21 21:55:45.440804', 'Promotion Girl/ Boy (PG-PB)', 'https://cdn-icons-png.flaticon.com/128/1470/1470011.png'),
	(27, '2023-03-21 21:55:45.442314', '2023-03-21 21:55:45.442314', 'Sinh viên làm thêm', 'https://cdn-icons-png.flaticon.com/128/1470/1470011.png'),
	(28, '2023-03-21 21:55:45.443314', '2023-03-21 21:55:45.443314', 'Thực tập', 'https://cdn-icons-png.flaticon.com/128/1470/1470011.png'),
	(29, '2023-03-21 21:55:45.444313', '2023-03-21 21:55:45.444313', 'Kinh doanh - Thương mại', 'https://cdn-icons-png.flaticon.com/128/1470/1470011.png'),
	(30, '2023-03-21 21:55:45.446308', '2023-03-21 21:55:45.446308', 'Bán hàng', 'https://cdn-icons-png.flaticon.com/128/1470/1470011.png'),
	(31, '2023-03-21 21:55:45.447305', '2023-03-21 21:55:45.447305', 'Nhân viên kinh doanh', 'https://cdn-icons-png.flaticon.com/128/1470/1470011.png'),
	(32, '2023-03-21 21:55:45.447305', '2023-03-21 21:55:45.447305', 'Quản trị kinh doanh', 'https://cdn-icons-png.flaticon.com/128/1470/1470011.png'),
	(33, '2023-03-21 21:55:45.448302', '2023-03-21 21:55:45.448302', 'Xuất - Nhập khẩu', 'https://cdn-icons-png.flaticon.com/128/1470/1470011.png'),
	(34, '2023-03-21 21:55:45.450305', '2023-03-21 21:55:45.450305', 'Công nghệ thông tin', 'https://cdn-icons-png.flaticon.com/128/1470/1470011.png'),
	(35, '2023-03-21 21:55:45.452886', '2023-03-21 21:55:45.452886', 'Games', 'https://cdn-icons-png.flaticon.com/128/1470/1470011.png'),
	(36, '2023-03-21 21:55:45.454881', '2023-03-21 21:55:45.454881', 'IT phần cứng/mạng', 'https://cdn-icons-png.flaticon.com/128/1470/1470011.png'),
	(37, '2023-03-21 21:55:45.455877', '2023-03-21 21:55:45.455877', 'IT phần mềm', 'https://cdn-icons-png.flaticon.com/512/5284/5284726.png'),
	(38, '2023-03-21 21:55:45.456876', '2023-03-21 21:55:45.456876', 'Thiết kế đồ họa - Web', 'https://cdn-icons-png.flaticon.com/128/1470/1470011.png'),
	(39, '2023-03-21 21:55:45.457873', '2023-03-21 21:55:45.458869', 'Thương mại điện tử', 'https://cdn-icons-png.flaticon.com/128/1470/1470011.png'),
	(40, '2023-03-21 21:55:45.458869', '2023-03-21 21:55:45.458869', 'Truyền thông - PR', 'https://cdn-icons-png.flaticon.com/128/1470/1470011.png'),
	(41, '2023-03-21 21:55:45.459867', '2023-03-21 21:55:45.459867', 'Biên tập/ Báo chí/ Truyền hình', 'https://cdn-icons-png.flaticon.com/128/1470/1470011.png'),
	(42, '2023-03-21 21:55:45.461375', '2023-03-21 21:55:45.461375', 'Marketing - PR', 'https://cdn-icons-png.flaticon.com/128/1470/1470011.png'),
	(43, '2023-03-21 21:55:45.462387', '2023-03-21 21:55:45.462387', 'Tiếp thị - Quảng cáo', 'https://cdn-icons-png.flaticon.com/128/1470/1470011.png'),
	(44, '2023-03-21 21:55:45.463811', '2023-03-21 21:55:45.463811', 'Tổ chức sự kiện - Quà tặng', 'https://cdn-icons-png.flaticon.com/128/1470/1470011.png'),
	(45, '2023-03-21 21:55:45.464808', '2023-03-21 21:55:45.464808', 'Viễn thông', 'https://cdn-icons-png.flaticon.com/128/1470/1470011.png'),
	(46, '2023-03-21 21:55:45.465805', '2023-03-21 21:55:45.465805', 'Bưu chính', 'https://cdn-icons-png.flaticon.com/128/1470/1470011.png'),
	(47, '2023-03-21 21:55:45.468798', '2023-03-21 21:55:45.468798', 'Điện tử viễn thông', 'https://cdn-icons-png.flaticon.com/128/1470/1470011.png'),
	(48, '2023-03-21 21:55:45.470793', '2023-03-21 21:55:45.470793', 'Hàng tiêu dùng', 'https://cdn-icons-png.flaticon.com/128/1470/1470011.png'),
	(49, '2023-03-21 21:55:45.472297', '2023-03-21 21:55:45.472297', 'Hàng gia dụng', 'https://cdn-icons-png.flaticon.com/128/1470/1470011.png'),
	(50, '2023-03-21 21:55:45.473759', '2023-03-21 21:55:45.473759', 'Mỹ phẩm - Trang sức', 'https://cdn-icons-png.flaticon.com/128/1470/1470011.png'),
	(51, '2023-03-21 21:55:45.474759', '2023-03-21 21:55:45.474759', 'Thời trang', 'https://cdn-icons-png.flaticon.com/128/1470/1470011.png'),
	(52, '2023-03-21 21:55:45.475756', '2023-03-21 21:55:45.475756', 'Thực phẩm - Đồ uống', 'https://cdn-icons-png.flaticon.com/128/1470/1470011.png'),
	(53, '2023-03-21 21:55:45.476754', '2023-03-21 21:55:45.476754', 'Dịch vụ - Hỗ trợ', 'https://cdn-icons-png.flaticon.com/128/1470/1470011.png'),
	(54, '2023-03-21 21:55:45.477751', '2023-03-21 21:55:45.477751', 'Bảo vệ/ An ninh/ Vệ sỹ', 'https://cdn-icons-png.flaticon.com/128/1470/1470011.png'),
	(55, '2023-03-21 21:55:45.478749', '2023-03-21 21:55:45.478749', 'Phiên dịch/ Ngoại ngữ', 'https://cdn-icons-png.flaticon.com/128/1470/1470011.png'),
	(56, '2023-03-21 21:55:45.479746', '2023-03-21 21:55:45.479746', 'Dịch vụ', 'https://cdn-icons-png.flaticon.com/128/1470/1470011.png'),
	(57, '2023-03-21 21:55:45.480743', '2023-03-21 21:55:45.480743', 'Giáo dục - Đào tạo', 'https://cdn-icons-png.flaticon.com/128/1470/1470011.png'),
	(58, '2023-03-21 21:55:45.481740', '2023-03-21 21:55:45.481740', 'Hàng hải', 'https://cdn-icons-png.flaticon.com/128/1470/1470011.png'),
	(59, '2023-03-21 21:55:45.483032', '2023-03-21 21:55:45.483032', 'Hàng không', 'https://cdn-icons-png.flaticon.com/128/1470/1470011.png'),
	(60, '2023-03-21 21:55:45.485028', '2023-03-21 21:55:45.485028', 'Người giúp việc/ Phục vụ/ Tạp vụ', 'https://cdn-icons-png.flaticon.com/128/1470/1470011.png'),
	(61, '2023-03-21 21:55:45.487022', '2023-03-21 21:55:45.487022', 'Pháp luật/ Pháp lý', 'https://cdn-icons-png.flaticon.com/128/1470/1470011.png'),
	(62, '2023-03-21 21:55:45.488019', '2023-03-21 21:55:45.488019', 'Tư vấn/ Chăm sóc khách hàng', 'https://cdn-icons-png.flaticon.com/128/1470/1470011.png'),
	(63, '2023-03-21 21:55:45.489017', '2023-03-21 21:55:45.489017', 'Vận tải - Lái xe/ Tài xế', 'https://cdn-icons-png.flaticon.com/128/1470/1470011.png'),
	(64, '2023-03-21 21:55:45.490013', '2023-03-21 21:55:45.490013', 'Y tế - Dược', 'https://cdn-icons-png.flaticon.com/128/1470/1470011.png'),
	(65, '2023-03-21 21:55:45.491520', '2023-03-21 21:55:45.491520', 'Kỹ thuật - Công nghệ', 'https://cdn-icons-png.flaticon.com/128/1470/1470011.png'),
	(66, '2023-03-21 21:55:45.492530', '2023-03-21 21:55:45.492530', 'Cơ khí - Chế tạo', 'https://cdn-icons-png.flaticon.com/128/1470/1470011.png'),
	(67, '2023-03-21 21:55:45.493667', '2023-03-21 21:55:45.493667', 'Dầu khí - Hóa chất', 'https://cdn-icons-png.flaticon.com/128/1470/1470011.png'),
	(68, '2023-03-21 21:55:45.494665', '2023-03-21 21:55:45.494665', 'Điện - Điện tử - Điện lạnh', 'https://cdn-icons-png.flaticon.com/128/1470/1470011.png'),
	(69, '2023-03-21 21:55:45.495670', '2023-03-21 21:55:45.495670', 'Hóa học - Sinh học', 'https://cdn-icons-png.flaticon.com/128/1470/1470011.png'),
	(70, '2023-03-21 21:55:45.496663', '2023-03-21 21:55:45.496663', 'Kỹ thuật', 'https://cdn-icons-png.flaticon.com/128/1470/1470011.png'),
	(71, '2023-03-21 21:55:45.497667', '2023-03-21 21:55:45.497667', 'Kỹ thuật ứng dụng', 'https://cdn-icons-png.flaticon.com/128/1470/1470011.png'),
	(72, '2023-03-21 21:55:45.498661', '2023-03-21 21:55:45.498661', 'Hành chính - Nhân sự', 'https://cdn-icons-png.flaticon.com/128/1470/1470011.png'),
	(73, '2023-03-21 21:55:45.500662', '2023-03-21 21:55:45.500662', 'Hành chính - Văn phòng', 'https://cdn-icons-png.flaticon.com/128/1470/1470011.png'),
	(74, '2023-03-21 21:55:45.503174', '2023-03-21 21:55:45.503174', 'Nhân sự', 'https://cdn-icons-png.flaticon.com/128/1470/1470011.png'),
	(75, '2023-03-21 21:55:45.504684', '2023-03-21 21:55:45.504684', 'Thư ký - Trợ lý', 'https://cdn-icons-png.flaticon.com/128/1470/1470011.png'),
	(76, '2023-03-21 21:55:45.505718', '2023-03-21 21:55:45.505718', 'Ngành nghề khác', 'https://cdn-icons-png.flaticon.com/128/1470/1470011.png'),
	(77, '2023-03-21 21:55:45.507154', '2023-03-21 21:55:45.507154', 'Hoạch định - Dự án', 'https://cdn-icons-png.flaticon.com/128/1470/1470011.png'),
	(78, '2023-03-21 21:55:45.508220', '2023-03-21 21:55:45.508220', 'Nghệ thuật/ Điện ảnh', 'https://cdn-icons-png.flaticon.com/128/1470/1470011.png'),
	(79, '2023-03-21 21:55:45.509350', '2023-03-21 21:55:45.509350', 'Thiết kế - Mỹ thuật', 'https://cdn-icons-png.flaticon.com/128/1470/1470011.png'),
	(80, '2023-03-21 21:55:45.510353', '2023-03-21 21:55:45.510353', 'Quan hệ đối ngoại', 'https://cdn-icons-png.flaticon.com/128/1470/1470011.png'),
	(81, '2023-03-21 21:55:45.511485', '2023-03-21 21:55:45.511485', 'Xuất khẩu lao động', 'https://cdn-icons-png.flaticon.com/128/1470/1470011.png'),
	(82, '2023-03-21 21:55:45.512764', '2023-03-21 21:55:45.512764', 'Startup', 'https://cdn-icons-png.flaticon.com/128/1470/1470011.png'),
	(83, '2023-03-21 21:55:45.513764', '2023-03-21 21:55:45.513764', 'Freelance', 'https://cdn-icons-png.flaticon.com/128/1470/1470011.png'),
	(84, '2023-03-21 21:55:45.514786', '2023-03-21 21:55:45.514786', 'Tính chất công việc', 'https://cdn-icons-png.flaticon.com/128/1470/1470011.png'),
	(85, '2023-03-21 21:55:45.515750', '2023-03-21 21:55:45.515750', 'QA-QC/ Thẩm định/ Giám định', 'https://cdn-icons-png.flaticon.com/128/1470/1470011.png'),
	(86, '2023-03-21 21:55:45.517725', '2023-03-21 21:55:45.517725', 'Môi trường', 'https://cdn-icons-png.flaticon.com/128/1470/1470011.png'),
	(87, '2023-03-21 21:55:45.519692', '2023-03-21 21:55:45.519692', 'Phi chính phủ/ Phi lợi nhuận', 'https://cdn-icons-png.flaticon.com/128/1470/1470011.png'),
	(88, '2023-03-21 21:55:45.521707', '2023-03-21 21:55:45.521707', 'Lương cao', 'https://cdn-icons-png.flaticon.com/128/1470/1470011.png'),
	(89, '2023-03-21 21:55:45.522874', '2023-03-21 21:55:45.522874', 'Việc làm cấp cao', 'https://cdn-icons-png.flaticon.com/128/1470/1470011.png'),
	(90, '2023-03-21 21:55:45.523897', '2023-03-21 21:55:45.523897', 'Việc myjob_common_careerlàm Tết', 'https://cdn-icons-png.flaticon.com/128/1470/1470011.png'),
	(91, '2023-03-21 21:55:45.524978', '2023-03-21 21:55:45.524978', 'Công chức / Viên chức', 'https://cdn-icons-png.flaticon.com/128/1470/1470011.png'),
	(92, '2023-03-21 21:55:45.525902', '2023-03-21 21:55:45.525902', 'Phát triển thị trường', 'https://cdn-icons-png.flaticon.com/128/1470/1470011.png'),
	(93, '2023-03-21 21:55:45.526905', '2023-03-21 21:55:45.526905', 'Giao nhận/ Vận chuyển/ Kho bãi', 'https://cdn-icons-png.flaticon.com/128/1470/1470011.png'),
	(94, '2023-03-21 21:55:45.527899', '2023-03-21 21:55:45.527899', 'Làm đẹp/ Thể lực/ Spa', 'https://cdn-icons-png.flaticon.com/128/1470/1470011.png'),
	(95, '2023-03-21 21:55:45.529894', '2023-03-21 21:55:45.529894', 'Thể dục/ Thể thao', 'https://cdn-icons-png.flaticon.com/128/1470/1470011.png'),
	(96, '2023-03-21 21:55:45.530894', '2023-03-21 21:55:45.530894', 'Vận tải', 'https://cdn-icons-png.flaticon.com/128/1470/1470011.png'),
	(97, '2023-03-21 21:55:45.531398', '2023-03-21 21:55:45.531398', 'Nghệ thuật/ Giải trí', 'https://cdn-icons-png.flaticon.com/128/1470/1470011.png');

-- Dumping structure for table myjob_db.myjob_common_city
CREATE TABLE IF NOT EXISTS `myjob_common_city` (
  `id` bigint NOT NULL AUTO_INCREMENT,
  `create_at` datetime(6) NOT NULL,
  `update_at` datetime(6) NOT NULL,
  `name` varchar(30) COLLATE utf8mb4_unicode_ci NOT NULL,
  PRIMARY KEY (`id`)
) ENGINE=InnoDB AUTO_INCREMENT=64 DEFAULT CHARSET=utf8mb4 COLLATE=utf8mb4_unicode_ci;

-- Dumping data for table myjob_db.myjob_common_city: ~63 rows (approximately)
DELETE FROM `myjob_common_city`;
INSERT INTO `myjob_common_city` (`id`, `create_at`, `update_at`, `name`) VALUES
	(1, '2023-02-24 15:53:48.382271', '2023-02-24 15:53:48.382271', 'Hồ Chí Minh'),
	(2, '2023-02-24 15:53:48.444397', '2023-02-24 15:53:48.444397', 'Hà Nội'),
	(3, '2023-02-24 15:53:48.489754', '2023-02-24 15:53:48.489754', 'Đà Nẵng'),
	(4, '2023-02-24 15:53:48.503740', '2023-02-24 15:53:48.503740', 'Bình Dương'),
	(5, '2023-02-24 15:53:48.513690', '2023-02-24 15:53:48.513690', 'Đồng Nai'),
	(6, '2023-02-24 15:53:48.529137', '2023-02-24 15:53:48.529137', 'Khánh Hòa'),
	(7, '2023-02-24 15:53:48.542511', '2023-02-24 15:53:48.542511', 'Hải Phòng'),
	(8, '2023-02-24 15:53:48.562667', '2023-02-24 15:53:48.562667', 'Long An'),
	(9, '2023-02-24 15:53:48.586243', '2023-02-24 15:53:48.586243', 'Quảng Nam'),
	(10, '2023-02-24 15:53:48.608141', '2023-02-24 15:53:48.608141', 'Bà Rịa Vũng Tàu'),
	(11, '2023-02-24 15:53:48.620692', '2023-02-24 15:53:48.620692', 'Đắk Lắk'),
	(12, '2023-02-24 15:53:48.641630', '2023-02-24 15:53:48.641630', 'Cần Thơ'),
	(13, '2023-02-24 15:53:48.655024', '2023-02-24 15:53:48.655024', 'Bình Thuận  '),
	(14, '2023-02-24 15:53:48.669795', '2023-02-24 15:53:48.669795', 'Lâm Đồng'),
	(15, '2023-02-24 15:53:48.681411', '2023-02-24 15:53:48.681411', 'Thừa Thiên Huế'),
	(16, '2023-02-24 15:53:48.702822', '2023-02-24 15:53:48.702822', 'Kiên Giang'),
	(17, '2023-02-24 15:53:48.725750', '2023-02-24 15:53:48.725750', 'Bắc Ninh'),
	(18, '2023-02-24 15:53:48.739147', '2023-02-24 15:53:48.739147', 'Quảng Ninh'),
	(19, '2023-02-24 15:53:48.760089', '2023-02-24 15:53:48.760089', 'Thanh Hóa'),
	(20, '2023-02-24 15:53:48.803014', '2023-02-24 15:53:48.803014', 'Nghệ An'),
	(21, '2023-02-24 15:53:48.831608', '2023-02-24 15:53:48.831608', 'Hải Dương'),
	(22, '2023-02-24 15:53:48.848890', '2023-02-24 15:53:48.848890', 'Gia Lai'),
	(23, '2023-02-24 15:53:48.877816', '2023-02-24 15:53:48.877816', 'Bình Phước'),
	(24, '2023-02-24 15:53:48.895768', '2023-02-24 15:53:48.895768', 'Hưng Yên'),
	(25, '2023-02-24 15:53:48.912722', '2023-02-24 15:53:48.912722', 'Bình Định'),
	(26, '2023-02-24 15:53:48.930834', '2023-02-24 15:53:48.931822', 'Tiền Giang'),
	(27, '2023-02-24 15:53:48.952295', '2023-02-24 15:53:48.952295', 'Thái Bình'),
	(28, '2023-02-24 15:53:48.969259', '2023-02-24 15:53:48.969259', 'Bắc Giang'),
	(29, '2023-02-24 15:53:48.991200', '2023-02-24 15:53:48.991200', 'Hòa Bình'),
	(30, '2023-02-24 15:53:49.014773', '2023-02-24 15:53:49.014773', 'An Giang'),
	(31, '2023-02-24 15:53:49.035695', '2023-02-24 15:53:49.035695', 'Vĩnh Phúc'),
	(32, '2023-02-24 15:53:49.049660', '2023-02-24 15:53:49.049660', 'Tây Ninh'),
	(33, '2023-02-24 15:53:49.064617', '2023-02-24 15:53:49.064617', 'Thái Nguyên'),
	(34, '2023-02-24 15:53:49.081571', '2023-02-24 15:53:49.081571', 'Lào Cai'),
	(35, '2023-02-24 15:53:49.102516', '2023-02-24 15:53:49.102516', 'Nam Định'),
	(36, '2023-02-24 15:53:49.120473', '2023-02-24 15:53:49.120473', 'Quảng Ngãi'),
	(37, '2023-02-24 15:53:49.143407', '2023-02-24 15:53:49.143407', 'Bến Tre'),
	(38, '2023-02-24 15:53:49.159364', '2023-02-24 15:53:49.159364', 'Đắk Nông'),
	(39, '2023-02-24 15:53:49.174323', '2023-02-24 15:53:49.174323', 'Cà Mau'),
	(40, '2023-02-24 15:53:49.189285', '2023-02-24 15:53:49.189285', 'Vĩnh Long'),
	(41, '2023-02-24 15:53:49.203246', '2023-02-24 15:53:49.203246', 'Ninh Bình'),
	(42, '2023-02-24 15:53:49.214218', '2023-02-24 15:53:49.214218', 'Phú Thọ'),
	(43, '2023-02-24 15:53:49.239150', '2023-02-24 15:53:49.239150', 'Ninh Thuận'),
	(44, '2023-02-24 15:53:49.253115', '2023-02-24 15:53:49.253115', 'Phú Yên'),
	(45, '2023-02-24 15:53:49.269071', '2023-02-24 15:53:49.269071', 'Hà Nam'),
	(46, '2023-02-24 15:53:49.278048', '2023-02-24 15:53:49.278048', 'Hà Tĩnh'),
	(47, '2023-02-24 15:53:49.300991', '2023-02-24 15:53:49.300991', 'Đồng Tháp'),
	(48, '2023-02-24 15:53:49.322927', '2023-02-24 15:53:49.322927', 'Sóc Trăng'),
	(49, '2023-02-24 15:53:49.342874', '2023-02-24 15:53:49.342874', 'Kon Tum'),
	(50, '2023-02-24 15:53:49.359861', '2023-02-24 15:53:49.359861', 'Quảng Bình'),
	(51, '2023-02-24 15:53:49.373791', '2023-02-24 15:53:49.373791', 'Quảng Trị'),
	(52, '2023-02-24 15:53:49.389793', '2023-02-24 15:53:49.389793', 'Trà Vinh'),
	(53, '2023-02-24 15:53:49.402714', '2023-02-24 15:53:49.402714', 'Hậu Giang'),
	(54, '2023-02-24 15:53:49.412686', '2023-02-24 15:53:49.412686', 'Sơn La'),
	(55, '2023-02-24 15:53:49.429737', '2023-02-24 15:53:49.429737', 'Bạc Liêu'),
	(56, '2023-02-24 15:53:49.441230', '2023-02-24 15:53:49.441230', 'Yên Bái'),
	(57, '2023-02-24 15:53:49.455334', '2023-02-24 15:53:49.455334', 'Tuyên Quang'),
	(58, '2023-02-24 15:53:49.463056', '2023-02-24 15:53:49.463056', 'Điện Biên'),
	(59, '2023-02-24 15:53:49.477054', '2023-02-24 15:53:49.477054', 'Lai Châu'),
	(60, '2023-02-24 15:53:49.490489', '2023-02-24 15:53:49.490489', 'Lạng Sơn'),
	(61, '2023-02-24 15:53:49.505719', '2023-02-24 15:53:49.505719', 'Hà Giang'),
	(62, '2023-02-24 15:53:49.521911', '2023-02-24 15:53:49.521911', 'Bắc Kạn'),
	(63, '2023-02-24 15:53:49.533548', '2023-02-24 15:53:49.533548', 'Cao Bằng');

-- Dumping structure for table myjob_db.myjob_common_district
CREATE TABLE IF NOT EXISTS `myjob_common_district` (
  `id` bigint NOT NULL AUTO_INCREMENT,
  `create_at` datetime(6) NOT NULL,
  `update_at` datetime(6) NOT NULL,
  `name` varchar(50) COLLATE utf8mb4_unicode_ci NOT NULL,
  `city_id` bigint NOT NULL,
  PRIMARY KEY (`id`),
  KEY `myjob_common_district_city_id_dd8378be_fk_myjob_common_city_id` (`city_id`),
  CONSTRAINT `myjob_common_district_city_id_dd8378be_fk_myjob_common_city_id` FOREIGN KEY (`city_id`) REFERENCES `myjob_common_city` (`id`)
) ENGINE=InnoDB AUTO_INCREMENT=710 DEFAULT CHARSET=utf8mb4 COLLATE=utf8mb4_unicode_ci;

-- Dumping data for table myjob_db.myjob_common_district: ~709 rows (approximately)
DELETE FROM `myjob_common_district`;
INSERT INTO `myjob_common_district` (`id`, `create_at`, `update_at`, `name`, `city_id`) VALUES
	(1, '2023-02-24 15:53:48.396263', '2023-02-24 15:53:48.396263', 'Bình Chánh', 1),
	(2, '2023-02-24 15:53:48.402241', '2023-02-24 15:53:48.402241', 'Bình Tân', 1),
	(3, '2023-02-24 15:53:48.404234', '2023-02-24 15:53:48.404234', 'Bình Thạnh', 1),
	(4, '2023-02-24 15:53:48.406230', '2023-02-24 15:53:48.406230', 'Cần Giờ', 1),
	(5, '2023-02-24 15:53:48.407265', '2023-02-24 15:53:48.407265', 'Củ Chi', 1),
	(6, '2023-02-24 15:53:48.408683', '2023-02-24 15:53:48.408683', 'Gò Vấp', 1),
	(7, '2023-02-24 15:53:48.410877', '2023-02-24 15:53:48.410877', 'Hóc Môn', 1),
	(8, '2023-02-24 15:53:48.412875', '2023-02-24 15:53:48.412875', 'Nhà Bè', 1),
	(9, '2023-02-24 15:53:48.414870', '2023-02-24 15:53:48.414870', 'Phú Nhuận', 1),
	(10, '2023-02-24 15:53:48.415807', '2023-02-24 15:53:48.415807', 'Quận 1', 1),
	(11, '2023-02-24 15:53:48.419800', '2023-02-24 15:53:48.419800', 'Quận 10', 1),
	(12, '2023-02-24 15:53:48.421794', '2023-02-24 15:53:48.421794', 'Quận 11', 1),
	(13, '2023-02-24 15:53:48.423788', '2023-02-24 15:53:48.423788', 'Quận 12', 1),
	(14, '2023-02-24 15:53:48.424791', '2023-02-24 15:53:48.424791', 'Quận 2', 1),
	(15, '2023-02-24 15:53:48.426781', '2023-02-24 15:53:48.426781', 'Quận 3', 1),
	(16, '2023-02-24 15:53:48.428777', '2023-02-24 15:53:48.428777', 'Quận 4', 1),
	(17, '2023-02-24 15:53:48.429772', '2023-02-24 15:53:48.429772', 'Quận 5', 1),
	(18, '2023-02-24 15:53:48.430770', '2023-02-24 15:53:48.430770', 'Quận 6', 1),
	(19, '2023-02-24 15:53:48.432194', '2023-02-24 15:53:48.432194', 'Quận 7', 1),
	(20, '2023-02-24 15:53:48.434898', '2023-02-24 15:53:48.434898', 'Quận 8', 1),
	(21, '2023-02-24 15:53:48.437262', '2023-02-24 15:53:48.437262', 'Quận 9', 1),
	(22, '2023-02-24 15:53:48.438262', '2023-02-24 15:53:48.438262', 'Tân Bình', 1),
	(23, '2023-02-24 15:53:48.440260', '2023-02-24 15:53:48.440260', 'Tân Phú', 1),
	(24, '2023-02-24 15:53:48.441258', '2023-02-24 15:53:48.441258', 'Thủ Đức', 1),
	(25, '2023-02-24 15:53:48.445433', '2023-02-24 15:53:48.445433', 'Ba Đình', 2),
	(26, '2023-02-24 15:53:48.446395', '2023-02-24 15:53:48.446395', 'Ba Vì', 2),
	(27, '2023-02-24 15:53:48.447397', '2023-02-24 15:53:48.447397', 'Bắc Từ Liêm', 2),
	(28, '2023-02-24 15:53:48.448588', '2023-02-24 15:53:48.448588', 'Cầu Giấy', 2),
	(29, '2023-02-24 15:53:48.450594', '2023-02-24 15:53:48.450594', 'Chương Mỹ', 2),
	(30, '2023-02-24 15:53:48.453143', '2023-02-24 15:53:48.453143', 'Đan Phượng', 2),
	(31, '2023-02-24 15:53:48.453852', '2023-02-24 15:53:48.453852', 'Đông Anh', 2),
	(32, '2023-02-24 15:53:48.454913', '2023-02-24 15:53:48.454913', 'Đống Đa', 2),
	(33, '2023-02-24 15:53:48.456910', '2023-02-24 15:53:48.456910', 'Gia Lâm', 2),
	(34, '2023-02-24 15:53:48.457908', '2023-02-24 15:53:48.457908', 'Hà Đông', 2),
	(35, '2023-02-24 15:53:48.458914', '2023-02-24 15:53:48.458914', 'Hai Bà Trưng', 2),
	(36, '2023-02-24 15:53:48.459914', '2023-02-24 15:53:48.459914', 'Hoài Đức', 2),
	(37, '2023-02-24 15:53:48.460911', '2023-02-24 15:53:48.460911', 'Hoàn Kiếm', 2),
	(38, '2023-02-24 15:53:48.461890', '2023-02-24 15:53:48.461890', 'Hoàng Mai', 2),
	(39, '2023-02-24 15:53:48.462476', '2023-02-24 15:53:48.462476', 'Long Biên', 2),
	(40, '2023-02-24 15:53:48.463635', '2023-02-24 15:53:48.463635', 'Mê Linh', 2),
	(41, '2023-02-24 15:53:48.465308', '2023-02-24 15:53:48.465308', 'Mỹ Đức', 2),
	(42, '2023-02-24 15:53:48.466820', '2023-02-24 15:53:48.466820', 'Nam Từ Liêm', 2),
	(43, '2023-02-24 15:53:48.469806', '2023-02-24 15:53:48.469806', 'Phú Xuyên', 2),
	(44, '2023-02-24 15:53:48.471802', '2023-02-24 15:53:48.471802', 'Phúc Thọ', 2),
	(45, '2023-02-24 15:53:48.472798', '2023-02-24 15:53:48.472798', 'Quốc Oai', 2),
	(46, '2023-02-24 15:53:48.474818', '2023-02-24 15:53:48.474818', 'Sóc Sơn', 2),
	(47, '2023-02-24 15:53:48.475790', '2023-02-24 15:53:48.475790', 'Sơn Tây', 2),
	(48, '2023-02-24 15:53:48.477790', '2023-02-24 15:53:48.477790', 'Tây Hồ', 2),
	(49, '2023-02-24 15:53:48.478784', '2023-02-24 15:53:48.478784', 'Thạch Thất', 2),
	(50, '2023-02-24 15:53:48.479782', '2023-02-24 15:53:48.479782', 'Thanh Oai', 2),
	(51, '2023-02-24 15:53:48.481776', '2023-02-24 15:53:48.481776', 'Thanh Trì', 2),
	(52, '2023-02-24 15:53:48.482772', '2023-02-24 15:53:48.482772', 'Thanh Xuân', 2),
	(53, '2023-02-24 15:53:48.486763', '2023-02-24 15:53:48.486763', 'Thường Tín', 2),
	(54, '2023-02-24 15:53:48.487759', '2023-02-24 15:53:48.487759', 'Ứng Hòa', 2),
	(55, '2023-02-24 15:53:48.490758', '2023-02-24 15:53:48.490758', 'Cẩm Lệ', 3),
	(56, '2023-02-24 15:53:48.492755', '2023-02-24 15:53:48.492755', 'Hải Châu', 3),
	(57, '2023-02-24 15:53:48.493742', '2023-02-24 15:53:48.493742', 'Hòa Vang', 3),
	(58, '2023-02-24 15:53:48.494742', '2023-02-24 15:53:48.494742', 'Hoàng Sa', 3),
	(59, '2023-02-24 15:53:48.496735', '2023-02-24 15:53:48.496735', 'Liên Chiểu', 3),
	(60, '2023-02-24 15:53:48.497734', '2023-02-24 15:53:48.497734', 'Ngũ Hành Sơn', 3),
	(61, '2023-02-24 15:53:48.498730', '2023-02-24 15:53:48.498730', 'Sơn Trà', 3),
	(62, '2023-02-24 15:53:48.501724', '2023-02-24 15:53:48.501724', 'Thanh Khê', 3),
	(63, '2023-02-24 15:53:48.504713', '2023-02-24 15:53:48.504713', 'Bàu Bàng', 4),
	(64, '2023-02-24 15:53:48.505710', '2023-02-24 15:53:48.505710', 'Bến Cát', 4),
	(65, '2023-02-24 15:53:48.506709', '2023-02-24 15:53:48.506709', 'Dầu Tiếng', 4),
	(66, '2023-02-24 15:53:48.507706', '2023-02-24 15:53:48.507706', 'Dĩ An', 4),
	(67, '2023-02-24 15:53:48.508703', '2023-02-24 15:53:48.508703', 'Phú Giáo', 4),
	(68, '2023-02-24 15:53:48.509700', '2023-02-24 15:53:48.509700', 'Tân Uyên', 4),
	(69, '2023-02-24 15:53:48.511696', '2023-02-24 15:53:48.511696', 'Thủ Dầu Một', 4),
	(70, '2023-02-24 15:53:48.512708', '2023-02-24 15:53:48.512708', 'Thuận An', 4),
	(71, '2023-02-24 15:53:48.514814', '2023-02-24 15:53:48.514814', 'Biên Hòa', 5),
	(72, '2023-02-24 15:53:48.515793', '2023-02-24 15:53:48.515793', 'Cẩm Mỹ', 5),
	(73, '2023-02-24 15:53:48.519764', '2023-02-24 15:53:48.519764', 'Định Quán', 5),
	(74, '2023-02-24 15:53:48.520710', '2023-02-24 15:53:48.520710', 'Long Khánh', 5),
	(75, '2023-02-24 15:53:48.521807', '2023-02-24 15:53:48.521807', 'Long Thành', 5),
	(76, '2023-02-24 15:53:48.522806', '2023-02-24 15:53:48.522806', 'Nhơn Trạch', 5),
	(77, '2023-02-24 15:53:48.524243', '2023-02-24 15:53:48.524243', 'Tân Phú', 5),
	(78, '2023-02-24 15:53:48.525436', '2023-02-24 15:53:48.525436', 'Thống Nhất', 5),
	(79, '2023-02-24 15:53:48.526337', '2023-02-24 15:53:48.526337', 'Trảng Bom', 5),
	(80, '2023-02-24 15:53:48.527277', '2023-02-24 15:53:48.527277', 'Vĩnh Cửu', 5),
	(81, '2023-02-24 15:53:48.528193', '2023-02-24 15:53:48.528193', 'Xuân Lộc', 5),
	(82, '2023-02-24 15:53:48.529645', '2023-02-24 15:53:48.529645', 'Cam Lâm', 6),
	(83, '2023-02-24 15:53:48.531017', '2023-02-24 15:53:48.531017', 'Cam Ranh', 6),
	(84, '2023-02-24 15:53:48.532026', '2023-02-24 15:53:48.532026', 'Diên Khánh', 6),
	(85, '2023-02-24 15:53:48.534027', '2023-02-24 15:53:48.534027', 'Khánh Sơn', 6),
	(86, '2023-02-24 15:53:48.536651', '2023-02-24 15:53:48.536651', 'Khánh Vĩnh', 6),
	(87, '2023-02-24 15:53:48.537650', '2023-02-24 15:53:48.537650', 'Nha Trang', 6),
	(88, '2023-02-24 15:53:48.539312', '2023-02-24 15:53:48.539312', 'Ninh Hòa', 6),
	(89, '2023-02-24 15:53:48.540508', '2023-02-24 15:53:48.540508', 'Trường Sa', 6),
	(90, '2023-02-24 15:53:48.541638', '2023-02-24 15:53:48.541638', 'Vạn Ninh', 6),
	(91, '2023-02-24 15:53:48.543795', '2023-02-24 15:53:48.543795', 'An Dương', 7),
	(92, '2023-02-24 15:53:48.544700', '2023-02-24 15:53:48.544700', 'An Lão', 7),
	(93, '2023-02-24 15:53:48.545601', '2023-02-24 15:53:48.545601', 'Bạch Long Vĩ', 7),
	(94, '2023-02-24 15:53:48.546602', '2023-02-24 15:53:48.546602', 'Cát Hải', 7),
	(95, '2023-02-24 15:53:48.546602', '2023-02-24 15:53:48.546602', 'Dương Kinh', 7),
	(96, '2023-02-24 15:53:48.548596', '2023-02-24 15:53:48.548596', 'Đồ Sơn', 7),
	(97, '2023-02-24 15:53:48.550595', '2023-02-24 15:53:48.550595', 'Hải An', 7),
	(98, '2023-02-24 15:53:48.553659', '2023-02-24 15:53:48.553659', 'Hồng Bàng', 7),
	(99, '2023-02-24 15:53:48.555072', '2023-02-24 15:53:48.555072', 'Kiến An', 7),
	(100, '2023-02-24 15:53:48.556391', '2023-02-24 15:53:48.556391', 'Kiến Thụy', 7),
	(101, '2023-02-24 15:53:48.557652', '2023-02-24 15:53:48.557652', 'Lê Chân', 7),
	(102, '2023-02-24 15:53:48.558674', '2023-02-24 15:53:48.558674', 'Ngô Quyền', 7),
	(103, '2023-02-24 15:53:48.559674', '2023-02-24 15:53:48.559674', 'Thủy Nguyên', 7),
	(104, '2023-02-24 15:53:48.560672', '2023-02-24 15:53:48.560672', 'Tiên Lãng', 7),
	(105, '2023-02-24 15:53:48.561670', '2023-02-24 15:53:48.561670', 'Vĩnh Bảo', 7),
	(106, '2023-02-24 15:53:48.564661', '2023-02-24 15:53:48.564661', 'Bến Lức', 8),
	(107, '2023-02-24 15:53:48.565681', '2023-02-24 15:53:48.565681', 'Cần Đước', 8),
	(108, '2023-02-24 15:53:48.568677', '2023-02-24 15:53:48.568677', 'Cần Giuộc', 8),
	(109, '2023-02-24 15:53:48.570598', '2023-02-24 15:53:48.570598', 'Châu Thành', 8),
	(110, '2023-02-24 15:53:48.571701', '2023-02-24 15:53:48.571701', 'Đức Hòa', 8),
	(111, '2023-02-24 15:53:48.572866', '2023-02-24 15:53:48.572866', 'Đức Huệ', 8),
	(112, '2023-02-24 15:53:48.573840', '2023-02-24 15:53:48.573840', 'Kiến Tường', 8),
	(113, '2023-02-24 15:53:48.575057', '2023-02-24 15:53:48.575057', 'Mộc Hóa', 8),
	(114, '2023-02-24 15:53:48.576329', '2023-02-24 15:53:48.576329', 'Tân An', 8),
	(115, '2023-02-24 15:53:48.577299', '2023-02-24 15:53:48.577299', 'Tân Hưng', 8),
	(116, '2023-02-24 15:53:48.578376', '2023-02-24 15:53:48.578376', 'Tân Thạnh', 8),
	(117, '2023-02-24 15:53:48.579602', '2023-02-24 15:53:48.579602', 'Tân Trụ', 8),
	(118, '2023-02-24 15:53:48.580608', '2023-02-24 15:53:48.580608', 'Thạnh Hóa', 8),
	(119, '2023-02-24 15:53:48.581672', '2023-02-24 15:53:48.581672', 'Thủ Thừa', 8),
	(120, '2023-02-24 15:53:48.583601', '2023-02-24 15:53:48.583601', 'Vĩnh Hưng', 8),
	(121, '2023-02-24 15:53:48.587588', '2023-02-24 15:53:48.587588', 'Bắc Trà My', 9),
	(122, '2023-02-24 15:53:48.588674', '2023-02-24 15:53:48.588674', 'Duy Xuyên', 9),
	(123, '2023-02-24 15:53:48.589666', '2023-02-24 15:53:48.589666', 'Đại Lộc', 9),
	(124, '2023-02-24 15:53:48.590652', '2023-02-24 15:53:48.590652', 'Điện Bàn', 9),
	(125, '2023-02-24 15:53:48.591649', '2023-02-24 15:53:48.591649', 'Đông Giang', 9),
	(126, '2023-02-24 15:53:48.592171', '2023-02-24 15:53:48.592171', 'Hiệp Đức', 9),
	(127, '2023-02-24 15:53:48.593171', '2023-02-24 15:53:48.593171', 'Hội An', 9),
	(128, '2023-02-24 15:53:48.594407', '2023-02-24 15:53:48.594407', 'Nam Giang', 9),
	(129, '2023-02-24 15:53:48.595290', '2023-02-24 15:53:48.595290', 'Nam Trà My', 9),
	(130, '2023-02-24 15:53:48.596158', '2023-02-24 15:53:48.596158', 'Nông Sơn', 9),
	(131, '2023-02-24 15:53:48.597158', '2023-02-24 15:53:48.597158', 'Núi Thành', 9),
	(132, '2023-02-24 15:53:48.597158', '2023-02-24 15:53:48.597158', 'Phú Ninh', 9),
	(133, '2023-02-24 15:53:48.598788', '2023-02-24 15:53:48.598788', 'Phước Sơn', 9),
	(134, '2023-02-24 15:53:48.600792', '2023-02-24 15:53:48.600792', 'Quế Sơn', 9),
	(135, '2023-02-24 15:53:48.602779', '2023-02-24 15:53:48.602779', 'Tam Kỳ', 9),
	(136, '2023-02-24 15:53:48.603776', '2023-02-24 15:53:48.603776', 'Tây Giang', 9),
	(137, '2023-02-24 15:53:48.605625', '2023-02-24 15:53:48.605625', 'Thăng Bình', 9),
	(138, '2023-02-24 15:53:48.606757', '2023-02-24 15:53:48.606757', 'Tiên Phước', 9),
	(139, '2023-02-24 15:53:48.609142', '2023-02-24 15:53:48.609142', 'Bà Rịa', 10),
	(140, '2023-02-24 15:53:48.610139', '2023-02-24 15:53:48.610139', 'Châu Đức', 10),
	(141, '2023-02-24 15:53:48.611728', '2023-02-24 15:53:48.611728', 'Côn Đảo', 10),
	(142, '2023-02-24 15:53:48.612886', '2023-02-24 15:53:48.612886', 'Đất Đỏ', 10),
	(143, '2023-02-24 15:53:48.614058', '2023-02-24 15:53:48.614058', 'Long Điền', 10),
	(144, '2023-02-24 15:53:48.615233', '2023-02-24 15:53:48.615233', 'Tân Thành', 10),
	(145, '2023-02-24 15:53:48.617767', '2023-02-24 15:53:48.617767', 'Vũng Tàu', 10),
	(146, '2023-02-24 15:53:48.619691', '2023-02-24 15:53:48.619691', 'Xuyên Mộc', 10),
	(147, '2023-02-24 15:53:48.622191', '2023-02-24 15:53:48.622191', 'Buôn Đôn', 11),
	(148, '2023-02-24 15:53:48.622697', '2023-02-24 15:53:48.622697', 'Buôn Hồ', 11),
	(149, '2023-02-24 15:53:48.624807', '2023-02-24 15:53:48.624807', 'Buôn Ma Thuột', 11),
	(150, '2023-02-24 15:53:48.625830', '2023-02-24 15:53:48.625830', 'Cư Kuin', 11),
	(151, '2023-02-24 15:53:48.626870', '2023-02-24 15:53:48.626870', 'Cư M\'gar', 11),
	(152, '2023-02-24 15:53:48.628127', '2023-02-24 15:53:48.628127', 'Ea H\'Leo', 11),
	(153, '2023-02-24 15:53:48.629208', '2023-02-24 15:53:48.629208', 'Ea Kar', 11),
	(154, '2023-02-24 15:53:48.630350', '2023-02-24 15:53:48.630350', 'Ea Súp', 11),
	(155, '2023-02-24 15:53:48.631514', '2023-02-24 15:53:48.631514', 'Krông Ana', 11),
	(156, '2023-02-24 15:53:48.632439', '2023-02-24 15:53:48.632439', 'Krông Bông', 11),
	(157, '2023-02-24 15:53:48.635443', '2023-02-24 15:53:48.635443', 'Krông Buk', 11),
	(158, '2023-02-24 15:53:48.637041', '2023-02-24 15:53:48.637041', 'Krông Năng', 11),
	(159, '2023-02-24 15:53:48.638196', '2023-02-24 15:53:48.638196', 'Krông Pắc', 11),
	(160, '2023-02-24 15:53:48.639198', '2023-02-24 15:53:48.639198', 'Lăk', 11),
	(161, '2023-02-24 15:53:48.640223', '2023-02-24 15:53:48.640223', 'M\'Đrăk', 11),
	(162, '2023-02-24 15:53:48.642696', '2023-02-24 15:53:48.642696', ' Thới Lai', 12),
	(163, '2023-02-24 15:53:48.643795', '2023-02-24 15:53:48.643795', 'Bình Thủy', 12),
	(164, '2023-02-24 15:53:48.644859', '2023-02-24 15:53:48.644859', 'Cái Răng', 12),
	(165, '2023-02-24 15:53:48.645936', '2023-02-24 15:53:48.645936', 'Cờ Đỏ', 12),
	(166, '2023-02-24 15:53:48.646858', '2023-02-24 15:53:48.646858', 'Ninh Kiều', 12),
	(167, '2023-02-24 15:53:48.648252', '2023-02-24 15:53:48.648252', 'Ô Môn', 12),
	(168, '2023-02-24 15:53:48.649128', '2023-02-24 15:53:48.649128', 'Phong Điền', 12),
	(169, '2023-02-24 15:53:48.652124', '2023-02-24 15:53:48.652124', 'Thốt Nốt', 12),
	(170, '2023-02-24 15:53:48.654023', '2023-02-24 15:53:48.654023', 'Vĩnh Thạnh', 12),
	(171, '2023-02-24 15:53:48.656233', '2023-02-24 15:53:48.656233', 'Bắc Bình', 13),
	(172, '2023-02-24 15:53:48.657428', '2023-02-24 15:53:48.657428', 'Đảo Phú Quý', 13),
	(173, '2023-02-24 15:53:48.658981', '2023-02-24 15:53:48.658981', 'Đức Linh', 13),
	(174, '2023-02-24 15:53:48.659939', '2023-02-24 15:53:48.659939', 'Hàm Tân', 13),
	(175, '2023-02-24 15:53:48.660612', '2023-02-24 15:53:48.660612', 'Hàm Thuận Bắc', 13),
	(176, '2023-02-24 15:53:48.661614', '2023-02-24 15:53:48.661614', 'Hàm Thuận Nam', 13),
	(177, '2023-02-24 15:53:48.662812', '2023-02-24 15:53:48.662812', 'La Gi', 13),
	(178, '2023-02-24 15:53:48.663805', '2023-02-24 15:53:48.663805', 'Phan Thiết', 13),
	(179, '2023-02-24 15:53:48.665804', '2023-02-24 15:53:48.665804', 'Tánh Linh', 13),
	(180, '2023-02-24 15:53:48.668794', '2023-02-24 15:53:48.668794', 'Tuy Phong', 13),
	(181, '2023-02-24 15:53:48.671787', '2023-02-24 15:53:48.671787', 'Bảo Lâm', 14),
	(182, '2023-02-24 15:53:48.672783', '2023-02-24 15:53:48.672783', 'Bảo Lộc', 14),
	(183, '2023-02-24 15:53:48.673780', '2023-02-24 15:53:48.673780', 'Cát Tiên', 14),
	(184, '2023-02-24 15:53:48.673780', '2023-02-24 15:53:48.673780', 'Di Linh', 14),
	(185, '2023-02-24 15:53:48.674778', '2023-02-24 15:53:48.674778', 'Đạ Huoai', 14),
	(186, '2023-02-24 15:53:48.675776', '2023-02-24 15:53:48.675776', 'Đà Lạt', 14),
	(187, '2023-02-24 15:53:48.676773', '2023-02-24 15:53:48.676773', 'Đạ Tẻh', 14),
	(188, '2023-02-24 15:53:48.677958', '2023-02-24 15:53:48.677958', 'Đam Rông', 14),
	(189, '2023-02-24 15:53:48.678747', '2023-02-24 15:53:48.678747', 'Đơn Dương', 14),
	(190, '2023-02-24 15:53:48.679414', '2023-02-24 15:53:48.679414', 'Đức Trọng', 14),
	(191, '2023-02-24 15:53:48.680413', '2023-02-24 15:53:48.680413', 'Lạc Dương', 14),
	(192, '2023-02-24 15:53:48.680413', '2023-02-24 15:53:48.680413', 'Lâm Hà', 14),
	(193, '2023-02-24 15:53:48.682408', '2023-02-24 15:53:48.683409', 'A Lưới', 15),
	(194, '2023-02-24 15:53:48.686403', '2023-02-24 15:53:48.686403', 'Huế', 15),
	(195, '2023-02-24 15:53:48.688406', '2023-02-24 15:53:48.688406', 'Hương Thủy', 15),
	(196, '2023-02-24 15:53:48.690226', '2023-02-24 15:53:48.690226', 'Hương Trà', 15),
	(197, '2023-02-24 15:53:48.692039', '2023-02-24 15:53:48.692039', 'Nam Đông', 15),
	(198, '2023-02-24 15:53:48.693485', '2023-02-24 15:53:48.693485', 'Phong Điền', 15),
	(199, '2023-02-24 15:53:48.695246', '2023-02-24 15:53:48.695246', 'Phú Lộc', 15),
	(200, '2023-02-24 15:53:48.697448', '2023-02-24 15:53:48.697448', 'Phú Vang', 15),
	(201, '2023-02-24 15:53:48.698817', '2023-02-24 15:53:48.698817', 'Quảng Điền', 15),
	(202, '2023-02-24 15:53:48.704171', '2023-02-24 15:53:48.704171', 'An Biên', 16),
	(203, '2023-02-24 15:53:48.706205', '2023-02-24 15:53:48.706205', 'An Minh', 16),
	(204, '2023-02-24 15:53:48.707199', '2023-02-24 15:53:48.707199', 'Châu Thành', 16),
	(205, '2023-02-24 15:53:48.708201', '2023-02-24 15:53:48.708201', 'Giang Thành', 16),
	(206, '2023-02-24 15:53:48.709196', '2023-02-24 15:53:48.709196', 'Giồng Riềng', 16),
	(207, '2023-02-24 15:53:48.710837', '2023-02-24 15:53:48.710837', 'Gò Quao', 16),
	(208, '2023-02-24 15:53:48.711309', '2023-02-24 15:53:48.711309', 'Hà Tiên', 16),
	(209, '2023-02-24 15:53:48.713306', '2023-02-24 15:53:48.713306', 'Hòn Đất', 16),
	(210, '2023-02-24 15:53:48.714311', '2023-02-24 15:53:48.714311', 'Kiên Hải', 16),
	(211, '2023-02-24 15:53:48.716304', '2023-02-24 15:53:48.716304', 'Kiên Lương', 16),
	(212, '2023-02-24 15:53:48.719291', '2023-02-24 15:53:48.719291', 'Phú Quốc', 16),
	(213, '2023-02-24 15:53:48.721285', '2023-02-24 15:53:48.721285', 'Rạch Giá', 16),
	(214, '2023-02-24 15:53:48.722483', '2023-02-24 15:53:48.722483', 'Tân Hiệp', 16),
	(215, '2023-02-24 15:53:48.723538', '2023-02-24 15:53:48.723538', 'U minh Thượng', 16),
	(216, '2023-02-24 15:53:48.724693', '2023-02-24 15:53:48.724693', 'Vĩnh Thuận', 16),
	(217, '2023-02-24 15:53:48.726716', '2023-02-24 15:53:48.726716', 'Bắc Ninh', 17),
	(218, '2023-02-24 15:53:48.727725', '2023-02-24 15:53:48.727725', 'Gia Bình', 17),
	(219, '2023-02-24 15:53:48.728714', '2023-02-24 15:53:48.728714', 'Lương Tài', 17),
	(220, '2023-02-24 15:53:48.730708', '2023-02-24 15:53:48.730708', 'Quế Võ', 17),
	(221, '2023-02-24 15:53:48.731491', '2023-02-24 15:53:48.731491', 'Thuận Thành', 17),
	(222, '2023-02-24 15:53:48.732491', '2023-02-24 15:53:48.732491', 'Tiên Du', 17),
	(223, '2023-02-24 15:53:48.736487', '2023-02-24 15:53:48.736487', 'Từ Sơn', 17),
	(224, '2023-02-24 15:53:48.737479', '2023-02-24 15:53:48.737479', 'Yên Phong', 17),
	(225, '2023-02-24 15:53:48.740255', '2023-02-24 15:53:48.740255', 'Ba Chẽ', 18),
	(226, '2023-02-24 15:53:48.741790', '2023-02-24 15:53:48.741790', 'Bình Liêu', 18),
	(227, '2023-02-24 15:53:48.742923', '2023-02-24 15:53:48.742923', 'Cẩm Phả', 18),
	(228, '2023-02-24 15:53:48.743314', '2023-02-24 15:53:48.743314', 'Cô Tô', 18),
	(229, '2023-02-24 15:53:48.745311', '2023-02-24 15:53:48.745311', 'Đầm Hà', 18),
	(230, '2023-02-24 15:53:48.746429', '2023-02-24 15:53:48.746429', 'Đông Triều', 18),
	(231, '2023-02-24 15:53:48.747429', '2023-02-24 15:53:48.747429', 'Hạ Long', 18),
	(232, '2023-02-24 15:53:48.748427', '2023-02-24 15:53:48.748427', 'Hải Hà', 18),
	(233, '2023-02-24 15:53:48.752415', '2023-02-24 15:53:48.752415', 'Hoành Bồ', 18),
	(234, '2023-02-24 15:53:48.754101', '2023-02-24 15:53:48.754101', 'Móng Cái', 18),
	(235, '2023-02-24 15:53:48.755239', '2023-02-24 15:53:48.755239', 'Quảng Yên', 18),
	(236, '2023-02-24 15:53:48.756273', '2023-02-24 15:53:48.756273', 'Tiên Yên', 18),
	(237, '2023-02-24 15:53:48.757273', '2023-02-24 15:53:48.757273', 'Uông Bí', 18),
	(238, '2023-02-24 15:53:48.758973', '2023-02-24 15:53:48.758973', 'Vân Đồn', 18),
	(239, '2023-02-24 15:53:48.760962', '2023-02-24 15:53:48.760962', 'Bá Thước', 19),
	(240, '2023-02-24 15:53:48.761518', '2023-02-24 15:53:48.761518', 'Bỉm Sơn', 19),
	(241, '2023-02-24 15:53:48.762612', '2023-02-24 15:53:48.762612', 'Cẩm Thủy', 19),
	(242, '2023-02-24 15:53:48.763613', '2023-02-24 15:53:48.763613', 'Đông Sơn', 19),
	(243, '2023-02-24 15:53:48.764616', '2023-02-24 15:53:48.765608', 'Hà Trung', 19),
	(244, '2023-02-24 15:53:48.768600', '2023-02-24 15:53:48.768600', 'Hậu Lộc', 19),
	(245, '2023-02-24 15:53:48.769596', '2023-02-24 15:53:48.769596', 'Hoằng Hóa', 19),
	(246, '2023-02-24 15:53:48.771596', '2023-02-24 15:53:48.771596', 'Lang Chánh', 19),
	(247, '2023-02-24 15:53:48.775320', '2023-02-24 15:53:48.775320', 'Mường Lát', 19),
	(248, '2023-02-24 15:53:48.776688', '2023-02-24 15:53:48.776688', 'Nga Sơn', 19),
	(249, '2023-02-24 15:53:48.777691', '2023-02-24 15:53:48.777691', 'Ngọc Lặc', 19),
	(250, '2023-02-24 15:53:48.778765', '2023-02-24 15:53:48.778765', 'Như Thanh', 19),
	(251, '2023-02-24 15:53:48.780289', '2023-02-24 15:53:48.780289', 'Như Xuân', 19),
	(252, '2023-02-24 15:53:48.781285', '2023-02-24 15:53:48.781285', 'Nông Cống', 19),
	(253, '2023-02-24 15:53:48.783284', '2023-02-24 15:53:48.783284', 'Quan Hóa', 19),
	(254, '2023-02-24 15:53:48.786586', '2023-02-24 15:53:48.786586', 'Quan Sơn', 19),
	(255, '2023-02-24 15:53:48.788055', '2023-02-24 15:53:48.788055', 'Quảng Xương', 19),
	(256, '2023-02-24 15:53:48.789045', '2023-02-24 15:53:48.789045', 'Sầm Sơn', 19),
	(257, '2023-02-24 15:53:48.790042', '2023-02-24 15:53:48.790042', 'Thạch Thành', 19),
	(258, '2023-02-24 15:53:48.791987', '2023-02-24 15:53:48.791987', 'Thanh Hóa', 19),
	(259, '2023-02-24 15:53:48.793003', '2023-02-24 15:53:48.793003', 'Thiệu Hóa', 19),
	(260, '2023-02-24 15:53:48.794003', '2023-02-24 15:53:48.794003', 'Thọ Xuân', 19),
	(261, '2023-02-24 15:53:48.795173', '2023-02-24 15:53:48.795173', 'Thường Xuân', 19),
	(262, '2023-02-24 15:53:48.796175', '2023-02-24 15:53:48.796175', 'Tĩnh Gia', 19),
	(263, '2023-02-24 15:53:48.797170', '2023-02-24 15:53:48.797170', 'Triệu Sơn', 19),
	(264, '2023-02-24 15:53:48.798639', '2023-02-24 15:53:48.798639', 'Vĩnh Lộc', 19),
	(265, '2023-02-24 15:53:48.801649', '2023-02-24 15:53:48.801649', 'Yên Định', 19),
	(266, '2023-02-24 15:53:48.805011', '2023-02-24 15:53:48.805011', 'Anh Sơn', 20),
	(267, '2023-02-24 15:53:48.806051', '2023-02-24 15:53:48.806051', 'Con Cuông', 20),
	(268, '2023-02-24 15:53:48.807172', '2023-02-24 15:53:48.807172', 'Cửa Lò', 20),
	(269, '2023-02-24 15:53:48.808438', '2023-02-24 15:53:48.808438', 'Diễn Châu', 20),
	(270, '2023-02-24 15:53:48.809459', '2023-02-24 15:53:48.809459', 'Đô Lương', 20),
	(271, '2023-02-24 15:53:48.809999', '2023-02-24 15:53:48.809999', 'Hoàng Mai', 20),
	(272, '2023-02-24 15:53:48.811997', '2023-02-24 15:53:48.811997', 'Hưng Nguyên', 20),
	(273, '2023-02-24 15:53:48.812994', '2023-02-24 15:53:48.812994', 'Kỳ Sơn', 20),
	(274, '2023-02-24 15:53:48.814615', '2023-02-24 15:53:48.814615', 'Nam Đàn', 20),
	(275, '2023-02-24 15:53:48.815595', '2023-02-24 15:53:48.815595', 'Nghi Lộc', 20),
	(276, '2023-02-24 15:53:48.818609', '2023-02-24 15:53:48.818609', 'Nghĩa Đàn', 20),
	(277, '2023-02-24 15:53:48.820647', '2023-02-24 15:53:48.820647', 'Quế Phong', 20),
	(278, '2023-02-24 15:53:48.822132', '2023-02-24 15:53:48.822132', 'Quỳ Châu', 20),
	(279, '2023-02-24 15:53:48.823264', '2023-02-24 15:53:48.823264', 'Quỳ Hợp', 20),
	(280, '2023-02-24 15:53:48.823568', '2023-02-24 15:53:48.823568', 'Quỳnh Lưu', 20),
	(281, '2023-02-24 15:53:48.825500', '2023-02-24 15:53:48.825500', 'Tân Kỳ', 20),
	(282, '2023-02-24 15:53:48.826506', '2023-02-24 15:53:48.826506', 'Thái Hòa', 20),
	(283, '2023-02-24 15:53:48.827696', '2023-02-24 15:53:48.827696', 'Thanh Chương', 20),
	(284, '2023-02-24 15:53:48.828727', '2023-02-24 15:53:48.828727', 'Tương Dương', 20),
	(285, '2023-02-24 15:53:48.829844', '2023-02-24 15:53:48.829844', 'Vinh', 20),
	(286, '2023-02-24 15:53:48.830608', '2023-02-24 15:53:48.830608', 'Yên Thành', 20),
	(287, '2023-02-24 15:53:48.835602', '2023-02-24 15:53:48.835602', 'Bình Giang', 21),
	(288, '2023-02-24 15:53:48.836743', '2023-02-24 15:53:48.836743', 'Cẩm Giàng', 21),
	(289, '2023-02-24 15:53:48.838318', '2023-02-24 15:53:48.838318', 'Chí Linh', 21),
	(290, '2023-02-24 15:53:48.838641', '2023-02-24 15:53:48.838641', 'Gia Lộc', 21),
	(291, '2023-02-24 15:53:48.839655', '2023-02-24 15:53:48.839655', 'Hải Dương', 21),
	(292, '2023-02-24 15:53:48.841582', '2023-02-24 15:53:48.841582', 'Kim Thành', 21),
	(293, '2023-02-24 15:53:48.842466', '2023-02-24 15:53:48.842466', 'Kinh Môn', 21),
	(294, '2023-02-24 15:53:48.843021', '2023-02-24 15:53:48.843021', 'Nam Sách', 21),
	(295, '2023-02-24 15:53:48.844037', '2023-02-24 15:53:48.844037', 'Ninh Giang', 21),
	(296, '2023-02-24 15:53:48.846016', '2023-02-24 15:53:48.846016', 'Thanh Hà', 21),
	(297, '2023-02-24 15:53:48.846549', '2023-02-24 15:53:48.846549', 'Thanh Miện', 21),
	(298, '2023-02-24 15:53:48.847610', '2023-02-24 15:53:48.847610', 'Tứ Kỳ', 21),
	(299, '2023-02-24 15:53:48.852886', '2023-02-24 15:53:48.852886', 'An Khê', 22),
	(300, '2023-02-24 15:53:48.853882', '2023-02-24 15:53:48.853882', 'AYun Pa', 22),
	(301, '2023-02-24 15:53:48.854877', '2023-02-24 15:53:48.854877', 'Chư Păh', 22),
	(302, '2023-02-24 15:53:48.856873', '2023-02-24 15:53:48.856873', 'Chư Pưh', 22),
	(303, '2023-02-24 15:53:48.857872', '2023-02-24 15:53:48.857872', 'Chư Sê', 22),
	(304, '2023-02-24 15:53:48.858866', '2023-02-24 15:53:48.858866', 'ChưPRông', 22),
	(305, '2023-02-24 15:53:48.859864', '2023-02-24 15:53:48.859864', 'Đăk Đoa', 22),
	(306, '2023-02-24 15:53:48.861859', '2023-02-24 15:53:48.861859', 'Đăk Pơ', 22),
	(307, '2023-02-24 15:53:48.862862', '2023-02-24 15:53:48.862862', 'Đức Cơ', 22),
	(308, '2023-02-24 15:53:48.863866', '2023-02-24 15:53:48.863866', 'Ia Grai', 22),
	(309, '2023-02-24 15:53:48.865848', '2023-02-24 15:53:48.865848', 'Ia Pa', 22),
	(310, '2023-02-24 15:53:48.868842', '2023-02-24 15:53:48.868842', 'KBang', 22),
	(311, '2023-02-24 15:53:48.870835', '2023-02-24 15:53:48.870835', 'Kông Chro', 22),
	(312, '2023-02-24 15:53:48.871832', '2023-02-24 15:53:48.871832', 'Krông Pa', 22),
	(313, '2023-02-24 15:53:48.872829', '2023-02-24 15:53:48.872829', 'Mang Yang', 22),
	(314, '2023-02-24 15:53:48.874824', '2023-02-24 15:53:48.874824', 'Phú Thiện', 22),
	(315, '2023-02-24 15:53:48.875821', '2023-02-24 15:53:48.875821', 'Plei Ku', 22),
	(316, '2023-02-24 15:53:48.878813', '2023-02-24 15:53:48.878813', 'Bình Long', 23),
	(317, '2023-02-24 15:53:48.879810', '2023-02-24 15:53:48.879810', 'Bù Đăng', 23),
	(318, '2023-02-24 15:53:48.880808', '2023-02-24 15:53:48.880808', 'Bù Đốp', 23),
	(319, '2023-02-24 15:53:48.881805', '2023-02-24 15:53:48.881805', 'Bù Gia Mập', 23),
	(320, '2023-02-24 15:53:48.885815', '2023-02-24 15:53:48.885815', 'Chơn Thành', 23),
	(321, '2023-02-24 15:53:48.887790', '2023-02-24 15:53:48.887790', 'Đồng Phú', 23),
	(322, '2023-02-24 15:53:48.888792', '2023-02-24 15:53:48.888792', 'Đồng Xoài', 23),
	(323, '2023-02-24 15:53:48.890789', '2023-02-24 15:53:48.890789', 'Hớn Quản', 23),
	(324, '2023-02-24 15:53:48.891779', '2023-02-24 15:53:48.891779', 'Lộc Ninh', 23),
	(325, '2023-02-24 15:53:48.893778', '2023-02-24 15:53:48.893778', 'Phú Riềng', 23),
	(326, '2023-02-24 15:53:48.894783', '2023-02-24 15:53:48.894783', 'Phước Long', 23),
	(327, '2023-02-24 15:53:48.896777', '2023-02-24 15:53:48.896777', 'Ân Thi', 24),
	(328, '2023-02-24 15:53:48.897762', '2023-02-24 15:53:48.897762', 'Hưng Yên', 24),
	(329, '2023-02-24 15:53:48.901751', '2023-02-24 15:53:48.901751', 'Khoái Châu', 24),
	(330, '2023-02-24 15:53:48.903748', '2023-02-24 15:53:48.903748', 'Kim Động', 24),
	(331, '2023-02-24 15:53:48.904744', '2023-02-24 15:53:48.904744', 'Mỹ Hào', 24),
	(332, '2023-02-24 15:53:48.905742', '2023-02-24 15:53:48.905742', 'Phù Cừ', 24),
	(333, '2023-02-24 15:53:48.907736', '2023-02-24 15:53:48.907736', 'Tiên Lữ', 24),
	(334, '2023-02-24 15:53:48.908733', '2023-02-24 15:53:48.908733', 'Văn Giang', 24),
	(335, '2023-02-24 15:53:48.910737', '2023-02-24 15:53:48.910737', 'Văn Lâm', 24),
	(336, '2023-02-24 15:53:48.911738', '2023-02-24 15:53:48.911738', 'Yên Mỹ', 24),
	(337, '2023-02-24 15:53:48.913720', '2023-02-24 15:53:48.913720', 'An Lão', 25),
	(338, '2023-02-24 15:53:48.914720', '2023-02-24 15:53:48.914720', 'An Nhơn', 25),
	(339, '2023-02-24 15:53:48.915715', '2023-02-24 15:53:48.915715', 'Hoài Ân', 25),
	(340, '2023-02-24 15:53:48.919717', '2023-02-24 15:53:48.919717', 'Hoài Nhơn', 25),
	(341, '2023-02-24 15:53:48.921416', '2023-02-24 15:53:48.921416', 'Phù Cát', 25),
	(342, '2023-02-24 15:53:48.923063', '2023-02-24 15:53:48.923063', 'Phù Mỹ', 25),
	(343, '2023-02-24 15:53:48.925062', '2023-02-24 15:53:48.926061', 'Quy Nhơn', 25),
	(344, '2023-02-24 15:53:48.926977', '2023-02-24 15:53:48.926977', 'Tây Sơn', 25),
	(345, '2023-02-24 15:53:48.927827', '2023-02-24 15:53:48.927827', 'Tuy Phước', 25),
	(346, '2023-02-24 15:53:48.928826', '2023-02-24 15:53:48.928826', 'Vân Canh', 25),
	(347, '2023-02-24 15:53:48.929844', '2023-02-24 15:53:48.929844', 'Vĩnh Thạnh', 25),
	(348, '2023-02-24 15:53:48.934816', '2023-02-24 15:53:48.934816', 'Cái Bè', 26),
	(349, '2023-02-24 15:53:48.937060', '2023-02-24 15:53:48.937060', 'Cai Lậy', 26),
	(350, '2023-02-24 15:53:48.937601', '2023-02-24 15:53:48.937601', 'Châu Thành', 26),
	(351, '2023-02-24 15:53:48.938734', '2023-02-24 15:53:48.938734', 'Chợ Gạo', 26),
	(352, '2023-02-24 15:53:48.940737', '2023-02-24 15:53:48.940737', 'Gò Công', 26),
	(353, '2023-02-24 15:53:48.942556', '2023-02-24 15:53:48.942556', 'Gò Công Đông', 26),
	(354, '2023-02-24 15:53:48.943612', '2023-02-24 15:53:48.943612', 'Gò Công Tây', 26),
	(355, '2023-02-24 15:53:48.944887', '2023-02-24 15:53:48.944887', 'Huyện Cai Lậy', 26),
	(356, '2023-02-24 15:53:48.945309', '2023-02-24 15:53:48.945309', 'Mỹ Tho', 26),
	(357, '2023-02-24 15:53:48.946309', '2023-02-24 15:53:48.946309', 'Tân Phú Đông', 26),
	(358, '2023-02-24 15:53:48.948305', '2023-02-24 15:53:48.948305', 'Tân Phước', 26),
	(359, '2023-02-24 15:53:48.954287', '2023-02-24 15:53:48.954287', 'Đông Hưng', 27),
	(360, '2023-02-24 15:53:48.955285', '2023-02-24 15:53:48.955285', 'Hưng Hà', 27),
	(361, '2023-02-24 15:53:48.957281', '2023-02-24 15:53:48.957281', 'Kiến Xương', 27),
	(362, '2023-02-24 15:53:48.958277', '2023-02-24 15:53:48.958277', 'Quỳnh Phụ', 27),
	(363, '2023-02-24 15:53:48.960271', '2023-02-24 15:53:48.960271', 'Thái Bình', 27),
	(364, '2023-02-24 15:53:48.962266', '2023-02-24 15:53:48.962266', 'Thái Thuỵ', 27),
	(365, '2023-02-24 15:53:48.963264', '2023-02-24 15:53:48.963264', 'Tiền Hải', 27),
	(366, '2023-02-24 15:53:48.965258', '2023-02-24 15:53:48.965258', 'Vũ Thư', 27),
	(367, '2023-02-24 15:53:48.971244', '2023-02-24 15:53:48.971244', 'Bắc Giang', 28),
	(368, '2023-02-24 15:53:48.973240', '2023-02-24 15:53:48.973240', 'Hiệp Hòa', 28),
	(369, '2023-02-24 15:53:48.975233', '2023-02-24 15:53:48.975233', 'Lạng Giang', 28),
	(370, '2023-02-24 15:53:48.977227', '2023-02-24 15:53:48.977227', 'Lục Nam', 28),
	(371, '2023-02-24 15:53:48.978224', '2023-02-24 15:53:48.978224', 'Lục Ngạn', 28),
	(372, '2023-02-24 15:53:48.980219', '2023-02-24 15:53:48.980219', 'Sơn Động', 28),
	(373, '2023-02-24 15:53:48.982213', '2023-02-24 15:53:48.982213', 'Tân Yên', 28),
	(374, '2023-02-24 15:53:48.986203', '2023-02-24 15:53:48.986203', 'Việt Yên', 28),
	(375, '2023-02-24 15:53:48.988207', '2023-02-24 15:53:48.988207', 'Yên Dũng', 28),
	(376, '2023-02-24 15:53:48.989194', '2023-02-24 15:53:48.989194', 'Yên Thế', 28),
	(377, '2023-02-24 15:53:48.992186', '2023-02-24 15:53:48.992186', 'Cao Phong', 29),
	(378, '2023-02-24 15:53:48.994241', '2023-02-24 15:53:48.994241', 'Đà Bắc', 29),
	(379, '2023-02-24 15:53:48.995352', '2023-02-24 15:53:48.995352', 'Hòa Bình', 29),
	(380, '2023-02-24 15:53:48.997352', '2023-02-24 15:53:48.997352', 'Kim Bôi', 29),
	(381, '2023-02-24 15:53:49.000706', '2023-02-24 15:53:49.000706', 'Kỳ Sơn', 29),
	(382, '2023-02-24 15:53:49.002681', '2023-02-24 15:53:49.002681', 'Lạc Sơn', 29),
	(383, '2023-02-24 15:53:49.004675', '2023-02-24 15:53:49.004675', 'Lạc Thủy', 29),
	(384, '2023-02-24 15:53:49.006805', '2023-02-24 15:53:49.006805', 'Lương Sơn', 29),
	(385, '2023-02-24 15:53:49.009764', '2023-02-24 15:53:49.009764', 'Mai Châu', 29),
	(386, '2023-02-24 15:53:49.011761', '2023-02-24 15:53:49.011761', 'Tân Lạc', 29),
	(387, '2023-02-24 15:53:49.012758', '2023-02-24 15:53:49.012758', 'Yên Thủy', 29),
	(388, '2023-02-24 15:53:49.017757', '2023-02-24 15:53:49.017757', 'An Phú', 30),
	(389, '2023-02-24 15:53:49.019738', '2023-02-24 15:53:49.019738', 'Châu Đốc', 30),
	(390, '2023-02-24 15:53:49.020736', '2023-02-24 15:53:49.020736', 'Châu Phú', 30),
	(391, '2023-02-24 15:53:49.022729', '2023-02-24 15:53:49.022729', 'Châu Thành', 30),
	(392, '2023-02-24 15:53:49.023758', '2023-02-24 15:53:49.023758', 'Chợ Mới', 30),
	(393, '2023-02-24 15:53:49.024723', '2023-02-24 15:53:49.024723', 'Long Xuyên', 30),
	(394, '2023-02-24 15:53:49.025735', '2023-02-24 15:53:49.026718', 'Phú Tân', 30),
	(395, '2023-02-24 15:53:49.027731', '2023-02-24 15:53:49.027731', 'Tân Châu', 30),
	(396, '2023-02-24 15:53:49.028714', '2023-02-24 15:53:49.028714', 'Thoại Sơn', 30),
	(397, '2023-02-24 15:53:49.030733', '2023-02-24 15:53:49.030733', 'Tịnh Biên', 30),
	(398, '2023-02-24 15:53:49.031706', '2023-02-24 15:53:49.031706', 'Tri Tôn', 30),
	(399, '2023-02-24 15:53:49.037691', '2023-02-24 15:53:49.037691', 'Bình Xuyên', 31),
	(400, '2023-02-24 15:53:49.038685', '2023-02-24 15:53:49.038685', 'Lập Thạch', 31),
	(401, '2023-02-24 15:53:49.039684', '2023-02-24 15:53:49.039684', 'Phúc Yên', 31),
	(402, '2023-02-24 15:53:49.041678', '2023-02-24 15:53:49.041678', 'Sông Lô', 31),
	(403, '2023-02-24 15:53:49.042705', '2023-02-24 15:53:49.042705', 'Tam Dương', 31),
	(404, '2023-02-24 15:53:49.043674', '2023-02-24 15:53:49.043674', 'Tam Đảo', 31),
	(405, '2023-02-24 15:53:49.045668', '2023-02-24 15:53:49.045668', 'Vĩnh Tường', 31),
	(406, '2023-02-24 15:53:49.046677', '2023-02-24 15:53:49.046677', 'Vĩnh Yên', 31),
	(407, '2023-02-24 15:53:49.047662', '2023-02-24 15:53:49.047662', 'Yên Lạc', 31),
	(408, '2023-02-24 15:53:49.053646', '2023-02-24 15:53:49.053646', 'Bến Cầu', 32),
	(409, '2023-02-24 15:53:49.054644', '2023-02-24 15:53:49.054644', 'Châu Thành', 32),
	(410, '2023-02-24 15:53:49.055642', '2023-02-24 15:53:49.055642', 'Dương Minh Châu', 32),
	(411, '2023-02-24 15:53:49.056639', '2023-02-24 15:53:49.056639', 'Gò Dầu', 32),
	(412, '2023-02-24 15:53:49.058633', '2023-02-24 15:53:49.058633', 'Hòa Thành', 32),
	(413, '2023-02-24 15:53:49.059632', '2023-02-24 15:53:49.059632', 'Tân Biên', 32),
	(414, '2023-02-24 15:53:49.060639', '2023-02-24 15:53:49.060639', 'Tân Châu', 32),
	(415, '2023-02-24 15:53:49.062635', '2023-02-24 15:53:49.062635', 'Tây Ninh', 32),
	(416, '2023-02-24 15:53:49.063619', '2023-02-24 15:53:49.063619', 'Trảng Bàng', 32),
	(417, '2023-02-24 15:53:49.068606', '2023-02-24 15:53:49.068606', 'Đại Từ', 33),
	(418, '2023-02-24 15:53:49.070602', '2023-02-24 15:53:49.070602', 'Định Hóa', 33),
	(419, '2023-02-24 15:53:49.071599', '2023-02-24 15:53:49.071599', 'Đồng Hỷ', 33),
	(420, '2023-02-24 15:53:49.073592', '2023-02-24 15:53:49.073592', 'Phổ Yên', 33),
	(421, '2023-02-24 15:53:49.074590', '2023-02-24 15:53:49.074590', 'Phú Bình', 33),
	(422, '2023-02-24 15:53:49.076591', '2023-02-24 15:53:49.076591', 'Phú Lương', 33),
	(423, '2023-02-24 15:53:49.077583', '2023-02-24 15:53:49.077583', 'Sông Công', 33),
	(424, '2023-02-24 15:53:49.078580', '2023-02-24 15:53:49.078580', 'Thái Nguyên', 33),
	(425, '2023-02-24 15:53:49.080574', '2023-02-24 15:53:49.080574', 'Võ Nhai', 33),
	(426, '2023-02-24 15:53:49.085570', '2023-02-24 15:53:49.085570', 'Bắc Hà', 34),
	(427, '2023-02-24 15:53:49.087558', '2023-02-24 15:53:49.087558', 'Bảo Thắng', 34),
	(428, '2023-02-24 15:53:49.089550', '2023-02-24 15:53:49.089550', 'Bảo Yên', 34),
	(429, '2023-02-24 15:53:49.091565', '2023-02-24 15:53:49.091565', 'Bát Xát', 34),
	(430, '2023-02-24 15:53:49.092549', '2023-02-24 15:53:49.092549', 'Lào Cai', 34),
	(431, '2023-02-24 15:53:49.094537', '2023-02-24 15:53:49.094537', 'Mường Khương', 34),
	(432, '2023-02-24 15:53:49.095533', '2023-02-24 15:53:49.095533', 'Sa Pa', 34),
	(433, '2023-02-24 15:53:49.097529', '2023-02-24 15:53:49.097529', 'Văn Bàn', 34),
	(434, '2023-02-24 15:53:49.098559', '2023-02-24 15:53:49.098559', 'Xi Ma Cai', 34),
	(435, '2023-02-24 15:53:49.103522', '2023-02-24 15:53:49.103522', 'Giao Thủy', 35),
	(436, '2023-02-24 15:53:49.105508', '2023-02-24 15:53:49.105508', 'Hải Hậu', 35),
	(437, '2023-02-24 15:53:49.106505', '2023-02-24 15:53:49.106505', 'Mỹ Lộc', 35),
	(438, '2023-02-24 15:53:49.108513', '2023-02-24 15:53:49.108513', 'Nam Định', 35),
	(439, '2023-02-24 15:53:49.109499', '2023-02-24 15:53:49.109499', 'Nam Trực', 35),
	(440, '2023-02-24 15:53:49.111504', '2023-02-24 15:53:49.111504', 'Nghĩa Hưng', 35),
	(441, '2023-02-24 15:53:49.112489', '2023-02-24 15:53:49.112489', 'Trực Ninh', 35),
	(442, '2023-02-24 15:53:49.113488', '2023-02-24 15:53:49.113488', 'Vụ Bản', 35),
	(443, '2023-02-24 15:53:49.115483', '2023-02-24 15:53:49.115483', 'Xuân Trường', 35),
	(444, '2023-02-24 15:53:49.119472', '2023-02-24 15:53:49.119472', 'Ý Yên', 35),
	(445, '2023-02-24 15:53:49.122462', '2023-02-24 15:53:49.122462', 'Ba Tơ', 36),
	(446, '2023-02-24 15:53:49.123461', '2023-02-24 15:53:49.123461', 'Bình Sơn', 36),
	(447, '2023-02-24 15:53:49.124457', '2023-02-24 15:53:49.124457', 'Đức Phổ', 36),
	(448, '2023-02-24 15:53:49.125455', '2023-02-24 15:53:49.125455', 'Lý Sơn', 36),
	(449, '2023-02-24 15:53:49.126451', '2023-02-24 15:53:49.126451', 'Minh Long', 36),
	(450, '2023-02-24 15:53:49.127449', '2023-02-24 15:53:49.127449', 'Mộ Đức', 36),
	(451, '2023-02-24 15:53:49.129467', '2023-02-24 15:53:49.129467', 'Nghĩa Hành', 36),
	(452, '2023-02-24 15:53:49.130440', '2023-02-24 15:53:49.130440', 'Quảng Ngãi', 36),
	(453, '2023-02-24 15:53:49.132446', '2023-02-24 15:53:49.132446', 'Sơn Hà', 36),
	(454, '2023-02-24 15:53:49.136424', '2023-02-24 15:53:49.136424', 'Sơn Tây', 36),
	(455, '2023-02-24 15:53:49.137421', '2023-02-24 15:53:49.137421', 'Sơn Tịnh', 36),
	(456, '2023-02-24 15:53:49.139419', '2023-02-24 15:53:49.139419', 'Tây Trà', 36),
	(457, '2023-02-24 15:53:49.140422', '2023-02-24 15:53:49.140422', 'Trà Bồng', 36),
	(458, '2023-02-24 15:53:49.142413', '2023-02-24 15:53:49.142413', 'Tư Nghĩa', 36),
	(459, '2023-02-24 15:53:49.144404', '2023-02-24 15:53:49.144404', 'Ba Tri', 37),
	(460, '2023-02-24 15:53:49.145401', '2023-02-24 15:53:49.145401', 'Bến Tre', 37),
	(461, '2023-02-24 15:53:49.146397', '2023-02-24 15:53:49.146397', 'Bình Đại', 37),
	(462, '2023-02-24 15:53:49.147395', '2023-02-24 15:53:49.147395', 'Châu Thành', 37),
	(463, '2023-02-24 15:53:49.151389', '2023-02-24 15:53:49.151389', 'Chợ Lách', 37),
	(464, '2023-02-24 15:53:49.153379', '2023-02-24 15:53:49.153379', 'Giồng Trôm', 37),
	(465, '2023-02-24 15:53:49.155374', '2023-02-24 15:53:49.155374', 'Mỏ Cày Bắc', 37),
	(466, '2023-02-24 15:53:49.156373', '2023-02-24 15:53:49.156373', 'Mỏ Cày Nam', 37),
	(467, '2023-02-24 15:53:49.158366', '2023-02-24 15:53:49.158366', 'Thạnh Phú', 37),
	(468, '2023-02-24 15:53:49.160362', '2023-02-24 15:53:49.160362', 'Cư Jút', 38),
	(469, '2023-02-24 15:53:49.162356', '2023-02-24 15:53:49.162356', 'Dăk GLong', 38),
	(470, '2023-02-24 15:53:49.163369', '2023-02-24 15:53:49.163369', 'Dăk Mil', 38),
	(471, '2023-02-24 15:53:49.164351', '2023-02-24 15:53:49.164351', 'Dăk R\'Lấp', 38),
	(472, '2023-02-24 15:53:49.168342', '2023-02-24 15:53:49.168342', 'Dăk Song', 38),
	(473, '2023-02-24 15:53:49.169339', '2023-02-24 15:53:49.169339', 'Gia Nghĩa', 38),
	(474, '2023-02-24 15:53:49.171333', '2023-02-24 15:53:49.171333', 'Krông Nô', 38),
	(475, '2023-02-24 15:53:49.172332', '2023-02-24 15:53:49.172332', 'Tuy Đức', 38),
	(476, '2023-02-24 15:53:49.175320', '2023-02-24 15:53:49.175320', 'Cà Mau', 39),
	(477, '2023-02-24 15:53:49.176319', '2023-02-24 15:53:49.176319', 'Cái Nước', 39),
	(478, '2023-02-24 15:53:49.177315', '2023-02-24 15:53:49.177315', 'Đầm Dơi', 39),
	(479, '2023-02-24 15:53:49.178313', '2023-02-24 15:53:49.178313', 'Năm Căn', 39),
	(480, '2023-02-24 15:53:49.180309', '2023-02-24 15:53:49.180309', 'Ngọc Hiển', 39),
	(481, '2023-02-24 15:53:49.181307', '2023-02-24 15:53:49.181307', 'Phú Tân', 39),
	(482, '2023-02-24 15:53:49.184310', '2023-02-24 15:53:49.184310', 'Thới Bình', 39),
	(483, '2023-02-24 15:53:49.186302', '2023-02-24 15:53:49.186302', 'Trần Văn Thời', 39),
	(484, '2023-02-24 15:53:49.187306', '2023-02-24 15:53:49.188289', 'U Minh', 39),
	(485, '2023-02-24 15:53:49.190282', '2023-02-24 15:53:49.190282', 'Bình Minh', 40),
	(486, '2023-02-24 15:53:49.192276', '2023-02-24 15:53:49.192276', 'Bình Tân', 40),
	(487, '2023-02-24 15:53:49.193299', '2023-02-24 15:53:49.193299', 'Long Hồ', 40),
	(488, '2023-02-24 15:53:49.194271', '2023-02-24 15:53:49.194271', 'Mang Thít', 40),
	(489, '2023-02-24 15:53:49.195268', '2023-02-24 15:53:49.195268', 'Tam Bình', 40),
	(490, '2023-02-24 15:53:49.196265', '2023-02-24 15:53:49.197262', 'Trà Ôn', 40),
	(491, '2023-02-24 15:53:49.198260', '2023-02-24 15:53:49.198260', 'Vĩnh Long', 40),
	(492, '2023-02-24 15:53:49.201254', '2023-02-24 15:53:49.201254', 'Vũng Liêm', 40),
	(493, '2023-02-24 15:53:49.204245', '2023-02-24 15:53:49.204245', 'Gia Viễn', 41),
	(494, '2023-02-24 15:53:49.205240', '2023-02-24 15:53:49.205240', 'Hoa Lư', 41),
	(495, '2023-02-24 15:53:49.207235', '2023-02-24 15:53:49.207235', 'Kim Sơn', 41),
	(496, '2023-02-24 15:53:49.208259', '2023-02-24 15:53:49.208259', 'Nho Quan', 41),
	(497, '2023-02-24 15:53:49.209236', '2023-02-24 15:53:49.209236', 'Ninh Bình', 41),
	(498, '2023-02-24 15:53:49.210227', '2023-02-24 15:53:49.210227', 'Tam Điệp', 41),
	(499, '2023-02-24 15:53:49.212222', '2023-02-24 15:53:49.212222', 'Yên Khánh', 41),
	(500, '2023-02-24 15:53:49.213223', '2023-02-24 15:53:49.213223', 'Yên Mô', 41),
	(501, '2023-02-24 15:53:49.218233', '2023-02-24 15:53:49.218233', 'Cẩm Khê', 42),
	(502, '2023-02-24 15:53:49.220201', '2023-02-24 15:53:49.220201', 'Đoan Hùng', 42),
	(503, '2023-02-24 15:53:49.221200', '2023-02-24 15:53:49.221200', 'Hạ Hòa', 42),
	(504, '2023-02-24 15:53:49.223195', '2023-02-24 15:53:49.223195', 'Lâm Thao', 42),
	(505, '2023-02-24 15:53:49.224190', '2023-02-24 15:53:49.224190', 'Phù Ninh', 42),
	(506, '2023-02-24 15:53:49.225189', '2023-02-24 15:53:49.225189', 'Phú Thọ', 42),
	(507, '2023-02-24 15:53:49.227182', '2023-02-24 15:53:49.227182', 'Tam Nông', 42),
	(508, '2023-02-24 15:53:49.228179', '2023-02-24 15:53:49.228179', 'Tân Sơn', 42),
	(509, '2023-02-24 15:53:49.229179', '2023-02-24 15:53:49.230196', 'Thanh Ba', 42),
	(510, '2023-02-24 15:53:49.231179', '2023-02-24 15:53:49.231179', 'Thanh Sơn', 42),
	(511, '2023-02-24 15:53:49.233173', '2023-02-24 15:53:49.233173', 'Thanh Thủy', 42),
	(512, '2023-02-24 15:53:49.236160', '2023-02-24 15:53:49.236160', 'Việt Trì', 42),
	(513, '2023-02-24 15:53:49.238166', '2023-02-24 15:53:49.238166', 'Yên Lập', 42),
	(514, '2023-02-24 15:53:49.240157', '2023-02-24 15:53:49.240157', 'Bác Ái', 43),
	(515, '2023-02-24 15:53:49.242142', '2023-02-24 15:53:49.242142', 'Ninh Hải', 43),
	(516, '2023-02-24 15:53:49.243172', '2023-02-24 15:53:49.243172', 'Ninh Phước', 43),
	(517, '2023-02-24 15:53:49.244153', '2023-02-24 15:53:49.244153', 'Ninh Sơn', 43),
	(518, '2023-02-24 15:53:49.246132', '2023-02-24 15:53:49.246132', 'Phan Rang - Tháp Chàm', 43),
	(519, '2023-02-24 15:53:49.247129', '2023-02-24 15:53:49.247129', 'Thuận Bắc', 43),
	(520, '2023-02-24 15:53:49.249143', '2023-02-24 15:53:49.249143', 'Thuận Nam', 43),
	(521, '2023-02-24 15:53:49.254114', '2023-02-24 15:53:49.254114', 'Đông Hòa', 44),
	(522, '2023-02-24 15:53:49.255108', '2023-02-24 15:53:49.255108', 'Đồng Xuân', 44),
	(523, '2023-02-24 15:53:49.257102', '2023-02-24 15:53:49.257102', 'Phú Hòa', 44),
	(524, '2023-02-24 15:53:49.258143', '2023-02-24 15:53:49.258143', 'Sơn Hòa', 44),
	(525, '2023-02-24 15:53:49.259098', '2023-02-24 15:53:49.259098', 'Sông Cầu', 44),
	(526, '2023-02-24 15:53:49.261092', '2023-02-24 15:53:49.261092', 'Sông Hinh', 44),
	(527, '2023-02-24 15:53:49.262092', '2023-02-24 15:53:49.262092', 'Tây Hòa', 44),
	(528, '2023-02-24 15:53:49.263087', '2023-02-24 15:53:49.263087', 'Tuy An', 44),
	(529, '2023-02-24 15:53:49.265085', '2023-02-24 15:53:49.265085', 'Tuy Hòa', 44),
	(530, '2023-02-24 15:53:49.270069', '2023-02-24 15:53:49.270069', 'Bình Lục', 45),
	(531, '2023-02-24 15:53:49.272062', '2023-02-24 15:53:49.272062', 'Duy Tiên', 45),
	(532, '2023-02-24 15:53:49.273060', '2023-02-24 15:53:49.273060', 'Kim Bảng', 45),
	(533, '2023-02-24 15:53:49.274058', '2023-02-24 15:53:49.274058', 'Lý Nhân', 45),
	(534, '2023-02-24 15:53:49.275075', '2023-02-24 15:53:49.275075', 'Phủ Lý', 45),
	(535, '2023-02-24 15:53:49.277050', '2023-02-24 15:53:49.277050', 'Thanh Liêm', 45),
	(536, '2023-02-24 15:53:49.280041', '2023-02-24 15:53:49.280041', 'Cẩm Xuyên', 46),
	(537, '2023-02-24 15:53:49.281070', '2023-02-24 15:53:49.281070', 'Can Lộc', 46),
	(538, '2023-02-24 15:53:49.284042', '2023-02-24 15:53:49.284042', 'Đức Thọ', 46),
	(539, '2023-02-24 15:53:49.287025', '2023-02-24 15:53:49.287025', 'Hà Tĩnh', 46),
	(540, '2023-02-24 15:53:49.288020', '2023-02-24 15:53:49.288020', 'Hồng Lĩnh', 46),
	(541, '2023-02-24 15:53:49.290014', '2023-02-24 15:53:49.290014', 'Hương Khê', 46),
	(542, '2023-02-24 15:53:49.291012', '2023-02-24 15:53:49.291012', 'Hương Sơn', 46),
	(543, '2023-02-24 15:53:49.293006', '2023-02-24 15:53:49.293006', 'Kỳ Anh', 46),
	(544, '2023-02-24 15:53:49.294004', '2023-02-24 15:53:49.294004', 'Lộc Hà', 46),
	(545, '2023-02-24 15:53:49.295002', '2023-02-24 15:53:49.295002', 'Nghi Xuân', 46),
	(546, '2023-02-24 15:53:49.296004', '2023-02-24 15:53:49.296004', 'Thạch Hà', 46),
	(547, '2023-02-24 15:53:49.297994', '2023-02-24 15:53:49.297994', 'Vũ Quang', 46),
	(548, '2023-02-24 15:53:49.302982', '2023-02-24 15:53:49.302982', 'Cao Lãnh', 47),
	(549, '2023-02-24 15:53:49.305007', '2023-02-24 15:53:49.305007', 'Châu Thành', 47),
	(550, '2023-02-24 15:53:49.305971', '2023-02-24 15:53:49.305971', 'Hồng Ngự', 47),
	(551, '2023-02-24 15:53:49.306980', '2023-02-24 15:53:49.306980', 'Huyện Cao Lãnh', 47),
	(552, '2023-02-24 15:53:49.308964', '2023-02-24 15:53:49.308964', 'Huyện Hồng Ngự', 47),
	(553, '2023-02-24 15:53:49.309962', '2023-02-24 15:53:49.309962', 'Lai Vung', 47),
	(554, '2023-02-24 15:53:49.310959', '2023-02-24 15:53:49.310959', 'Lấp Vò', 47),
	(555, '2023-02-24 15:53:49.312953', '2023-02-24 15:53:49.312953', 'Sa Đéc', 47),
	(556, '2023-02-24 15:53:49.313951', '2023-02-24 15:53:49.313951', 'Tam Nông', 47),
	(557, '2023-02-24 15:53:49.316948', '2023-02-24 15:53:49.316948', 'Tân Hồng', 47),
	(558, '2023-02-24 15:53:49.319936', '2023-02-24 15:53:49.319936', 'Thanh Bình', 47),
	(559, '2023-02-24 15:53:49.321929', '2023-02-24 15:53:49.321929', 'Tháp Mười', 47),
	(560, '2023-02-24 15:53:49.323937', '2023-02-24 15:53:49.323937', 'Châu Thành', 48),
	(561, '2023-02-24 15:53:49.325920', '2023-02-24 15:53:49.325920', 'Cù Lao Dung', 48),
	(562, '2023-02-24 15:53:49.326916', '2023-02-24 15:53:49.326916', 'Kế Sách', 48),
	(563, '2023-02-24 15:53:49.327916', '2023-02-24 15:53:49.327916', 'Long Phú', 48),
	(564, '2023-02-24 15:53:49.328925', '2023-02-24 15:53:49.328925', 'Mỹ Tú', 48),
	(565, '2023-02-24 15:53:49.330906', '2023-02-24 15:53:49.330906', 'Mỹ Xuyên', 48),
	(566, '2023-02-24 15:53:49.332905', '2023-02-24 15:53:49.333907', 'Ngã Năm', 48),
	(567, '2023-02-24 15:53:49.335892', '2023-02-24 15:53:49.335892', 'Sóc Trăng', 48),
	(568, '2023-02-24 15:53:49.337887', '2023-02-24 15:53:49.337887', 'Thạnh Trị', 48),
	(569, '2023-02-24 15:53:49.338884', '2023-02-24 15:53:49.338884', 'Trần Đề', 48),
	(570, '2023-02-24 15:53:49.340881', '2023-02-24 15:53:49.340881', 'Vĩnh Châu', 48),
	(571, '2023-02-24 15:53:49.343872', '2023-02-24 15:53:49.343872', 'Đăk Glei', 49),
	(572, '2023-02-24 15:53:49.344869', '2023-02-24 15:53:49.344869', 'Đăk Hà', 49),
	(573, '2023-02-24 15:53:49.345865', '2023-02-24 15:53:49.345865', 'Đăk Tô', 49),
	(574, '2023-02-24 15:53:49.347860', '2023-02-24 15:53:49.347860', 'Ia H\'Drai', 49),
	(575, '2023-02-24 15:53:49.349870', '2023-02-24 15:53:49.349870', 'Kon Plông', 49),
	(576, '2023-02-24 15:53:49.352846', '2023-02-24 15:53:49.352846', 'Kon Rẫy', 49),
	(577, '2023-02-24 15:53:49.353843', '2023-02-24 15:53:49.353843', 'KonTum', 49),
	(578, '2023-02-24 15:53:49.354841', '2023-02-24 15:53:49.354841', 'Ngọc Hồi', 49),
	(579, '2023-02-24 15:53:49.356836', '2023-02-24 15:53:49.356836', 'Sa Thầy', 49),
	(580, '2023-02-24 15:53:49.357836', '2023-02-24 15:53:49.357836', 'Tu Mơ Rông', 49),
	(581, '2023-02-24 15:53:49.360825', '2023-02-24 15:53:49.360825', 'Ba Đồn', 50),
	(582, '2023-02-24 15:53:49.361824', '2023-02-24 15:53:49.361824', 'Bố Trạch', 50),
	(583, '2023-02-24 15:53:49.362821', '2023-02-24 15:53:49.363817', 'Đồng Hới', 50),
	(584, '2023-02-24 15:53:49.364842', '2023-02-24 15:53:49.364842', 'Lệ Thủy', 50),
	(585, '2023-02-24 15:53:49.368807', '2023-02-24 15:53:49.368807', 'Minh Hóa', 50),
	(586, '2023-02-24 15:53:49.369802', '2023-02-24 15:53:49.369802', 'Quảng Ninh', 50),
	(587, '2023-02-24 15:53:49.371795', '2023-02-24 15:53:49.371795', 'Quảng Trạch', 50),
	(588, '2023-02-24 15:53:49.372793', '2023-02-24 15:53:49.372793', 'Tuyên Hóa', 50),
	(589, '2023-02-24 15:53:49.374787', '2023-02-24 15:53:49.374787', 'Cam Lộ', 51),
	(590, '2023-02-24 15:53:49.375786', '2023-02-24 15:53:49.375786', 'Đa Krông', 51),
	(591, '2023-02-24 15:53:49.376798', '2023-02-24 15:53:49.376798', 'Đảo Cồn cỏ', 51),
	(592, '2023-02-24 15:53:49.377795', '2023-02-24 15:53:49.377795', 'Đông Hà', 51),
	(593, '2023-02-24 15:53:49.379775', '2023-02-24 15:53:49.379775', 'Gio Linh', 51),
	(594, '2023-02-24 15:53:49.380781', '2023-02-24 15:53:49.380781', 'Hải Lăng', 51),
	(595, '2023-02-24 15:53:49.382770', '2023-02-24 15:53:49.382770', 'Hướng Hóa', 51),
	(596, '2023-02-24 15:53:49.385759', '2023-02-24 15:53:49.385759', 'Quảng Trị', 51),
	(597, '2023-02-24 15:53:49.387776', '2023-02-24 15:53:49.387776', 'Triệu Phong', 51),
	(598, '2023-02-24 15:53:49.388751', '2023-02-24 15:53:49.388751', 'Vĩnh Linh', 51),
	(599, '2023-02-24 15:53:49.390747', '2023-02-24 15:53:49.390747', 'Càng Long', 52),
	(600, '2023-02-24 15:53:49.391743', '2023-02-24 15:53:49.391743', 'Cầu Kè', 52),
	(601, '2023-02-24 15:53:49.392742', '2023-02-24 15:53:49.392742', 'Cầu Ngang', 52),
	(602, '2023-02-24 15:53:49.394735', '2023-02-24 15:53:49.394735', 'Châu Thành', 52),
	(603, '2023-02-24 15:53:49.395735', '2023-02-24 15:53:49.395735', 'Duyên Hải', 52),
	(604, '2023-02-24 15:53:49.396729', '2023-02-24 15:53:49.396729', 'Tiểu Cần', 52),
	(605, '2023-02-24 15:53:49.397738', '2023-02-24 15:53:49.397738', 'Trà Cú', 52),
	(606, '2023-02-24 15:53:49.400726', '2023-02-24 15:53:49.401717', 'Trà Vinh', 52),
	(607, '2023-02-24 15:53:49.403710', '2023-02-24 15:53:49.403710', 'Châu Thành', 53),
	(608, '2023-02-24 15:53:49.405705', '2023-02-24 15:53:49.405705', 'Châu Thành A', 53),
	(609, '2023-02-24 15:53:49.406725', '2023-02-24 15:53:49.406725', 'Long Mỹ', 53),
	(610, '2023-02-24 15:53:49.407700', '2023-02-24 15:53:49.407700', 'Ngã Bảy', 53),
	(611, '2023-02-24 15:53:49.408697', '2023-02-24 15:53:49.408697', 'Phụng Hiệp', 53),
	(612, '2023-02-24 15:53:49.409695', '2023-02-24 15:53:49.409695', 'Vị Thanh', 53),
	(613, '2023-02-24 15:53:49.410692', '2023-02-24 15:53:49.410692', 'Vị Thủy', 53),
	(614, '2023-02-24 15:53:49.413684', '2023-02-24 15:53:49.413684', 'Bắc Yên', 54),
	(615, '2023-02-24 15:53:49.414689', '2023-02-24 15:53:49.415685', 'Mai Sơn', 54),
	(616, '2023-02-24 15:53:49.418671', '2023-02-24 15:53:49.418671', 'Mộc Châu', 54),
	(617, '2023-02-24 15:53:49.420664', '2023-02-24 15:53:49.420664', 'Mường La', 54),
	(618, '2023-02-24 15:53:49.421662', '2023-02-24 15:53:49.421662', 'Phù Yên', 54),
	(619, '2023-02-24 15:53:49.422766', '2023-02-24 15:53:49.422766', 'Quỳnh Nhai', 54),
	(620, '2023-02-24 15:53:49.423767', '2023-02-24 15:53:49.423767', 'Sơn La', 54),
	(621, '2023-02-24 15:53:49.424807', '2023-02-24 15:53:49.424807', 'Sông Mã', 54),
	(622, '2023-02-24 15:53:49.425821', '2023-02-24 15:53:49.425821', 'Sốp Cộp', 54),
	(623, '2023-02-24 15:53:49.426804', '2023-02-24 15:53:49.426804', 'Thuận Châu', 54),
	(624, '2023-02-24 15:53:49.428042', '2023-02-24 15:53:49.428042', 'Vân Hồ', 54),
	(625, '2023-02-24 15:53:49.428736', '2023-02-24 15:53:49.428736', 'Yên Châu', 54),
	(626, '2023-02-24 15:53:49.430734', '2023-02-24 15:53:49.430734', 'Bạc Liêu', 55),
	(627, '2023-02-24 15:53:49.432740', '2023-02-24 15:53:49.432740', 'Đông Hải', 55),
	(628, '2023-02-24 15:53:49.435722', '2023-02-24 15:53:49.435722', 'Giá Rai', 55),
	(629, '2023-02-24 15:53:49.436718', '2023-02-24 15:53:49.436718', 'Hòa Bình', 55),
	(630, '2023-02-24 15:53:49.438113', '2023-02-24 15:53:49.438113', 'Hồng Dân', 55),
	(631, '2023-02-24 15:53:49.439114', '2023-02-24 15:53:49.439114', 'Phước Long', 55),
	(632, '2023-02-24 15:53:49.440266', '2023-02-24 15:53:49.440266', 'Vĩnh Lợi', 55),
	(633, '2023-02-24 15:53:49.442288', '2023-02-24 15:53:49.442288', 'Lục Yên', 56),
	(634, '2023-02-24 15:53:49.443280', '2023-02-24 15:53:49.443280', 'Mù Cang Chải', 56),
	(635, '2023-02-24 15:53:49.444369', '2023-02-24 15:53:49.444369', 'Nghĩa Lộ', 56),
	(636, '2023-02-24 15:53:49.445369', '2023-02-24 15:53:49.445369', 'Trạm Tấu', 56),
	(637, '2023-02-24 15:53:49.446366', '2023-02-24 15:53:49.446366', 'Trấn Yên', 56),
	(638, '2023-02-24 15:53:49.446366', '2023-02-24 15:53:49.446366', 'Văn Chấn', 56),
	(639, '2023-02-24 15:53:49.448052', '2023-02-24 15:53:49.448052', 'Văn Yên', 56),
	(640, '2023-02-24 15:53:49.451047', '2023-02-24 15:53:49.451047', 'Yên Bái', 56),
	(641, '2023-02-24 15:53:49.453034', '2023-02-24 15:53:49.453034', 'Yên Bình', 56),
	(642, '2023-02-24 15:53:49.456589', '2023-02-24 15:53:49.456589', 'Chiêm Hóa', 57),
	(643, '2023-02-24 15:53:49.457593', '2023-02-24 15:53:49.457593', 'Hàm Yên', 57),
	(644, '2023-02-24 15:53:49.458571', '2023-02-24 15:53:49.458571', 'Lâm Bình', 57),
	(645, '2023-02-24 15:53:49.459484', '2023-02-24 15:53:49.459484', 'Na Hang', 57),
	(646, '2023-02-24 15:53:49.460364', '2023-02-24 15:53:49.460364', 'Sơn Dương', 57),
	(647, '2023-02-24 15:53:49.461206', '2023-02-24 15:53:49.461206', 'Tuyên Quang', 57),
	(648, '2023-02-24 15:53:49.462076', '2023-02-24 15:53:49.462076', 'Yên Sơn', 57),
	(649, '2023-02-24 15:53:49.464056', '2023-02-24 15:53:49.464056', 'Điện Biên', 58),
	(650, '2023-02-24 15:53:49.465054', '2023-02-24 15:53:49.465054', 'Điện Biên Đông', 58),
	(651, '2023-02-24 15:53:49.468047', '2023-02-24 15:53:49.468047', 'Điện Biên Phủ', 58),
	(652, '2023-02-24 15:53:49.469043', '2023-02-24 15:53:49.469043', 'Mường Ảng', 58),
	(653, '2023-02-24 15:53:49.470786', '2023-02-24 15:53:49.470786', 'Mường Chà', 58),
	(654, '2023-02-24 15:53:49.471731', '2023-02-24 15:53:49.471731', 'Mường Lay', 58),
	(655, '2023-02-24 15:53:49.472818', '2023-02-24 15:53:49.472818', 'Mường Nhé', 58),
	(656, '2023-02-24 15:53:49.473991', '2023-02-24 15:53:49.473991', 'Nậm Pồ', 58),
	(657, '2023-02-24 15:53:49.475051', '2023-02-24 15:53:49.475051', 'Tủa Chùa', 58),
	(658, '2023-02-24 15:53:49.476450', '2023-02-24 15:53:49.476450', 'Tuần Giáo', 58),
	(659, '2023-02-24 15:53:49.478054', '2023-02-24 15:53:49.478054', 'Lai Châu', 59),
	(660, '2023-02-24 15:53:49.479052', '2023-02-24 15:53:49.479052', 'Mường Tè', 59),
	(661, '2023-02-24 15:53:49.481044', '2023-02-24 15:53:49.481044', 'Nậm Nhùn', 59),
	(662, '2023-02-24 15:53:49.483517', '2023-02-24 15:53:49.483517', 'Phong Thổ', 59),
	(663, '2023-02-24 15:53:49.485503', '2023-02-24 15:53:49.485503', 'Sìn Hồ', 59),
	(664, '2023-02-24 15:53:49.487498', '2023-02-24 15:53:49.487498', 'Tam Đường', 59),
	(665, '2023-02-24 15:53:49.487498', '2023-02-24 15:53:49.487498', 'Tân Uyên', 59),
	(666, '2023-02-24 15:53:49.489492', '2023-02-24 15:53:49.489492', 'Than Uyên', 59),
	(667, '2023-02-24 15:53:49.491487', '2023-02-24 15:53:49.491487', 'Bắc Sơn', 60),
	(668, '2023-02-24 15:53:49.492498', '2023-02-24 15:53:49.492498', 'Bình Gia', 60),
	(669, '2023-02-24 15:53:49.493481', '2023-02-24 15:53:49.493481', 'Cao Lộc', 60),
	(670, '2023-02-24 15:53:49.494479', '2023-02-24 15:53:49.494479', 'Chi Lăng', 60),
	(671, '2023-02-24 15:53:49.495476', '2023-02-24 15:53:49.495476', 'Đình Lập', 60),
	(672, '2023-02-24 15:53:49.496482', '2023-02-24 15:53:49.496482', 'Hữu Lũng', 60),
	(673, '2023-02-24 15:53:49.497556', '2023-02-24 15:53:49.497556', 'Lạng Sơn', 60),
	(674, '2023-02-24 15:53:49.498283', '2023-02-24 15:53:49.498283', 'Lộc Bình', 60),
	(675, '2023-02-24 15:53:49.501292', '2023-02-24 15:53:49.501292', 'Tràng Định', 60),
	(676, '2023-02-24 15:53:49.503331', '2023-02-24 15:53:49.503331', 'Văn Lãng', 60),
	(677, '2023-02-24 15:53:49.504705', '2023-02-24 15:53:49.504705', 'Văn Quan', 60),
	(678, '2023-02-24 15:53:49.506919', '2023-02-24 15:53:49.506919', 'Bắc Mê', 61),
	(679, '2023-02-24 15:53:49.507491', '2023-02-24 15:53:49.507491', 'Bắc Quang', 61),
	(680, '2023-02-24 15:53:49.509489', '2023-02-24 15:53:49.509489', 'Đồng Văn', 61),
	(681, '2023-02-24 15:53:49.510486', '2023-02-24 15:53:49.510486', 'Hà Giang', 61),
	(682, '2023-02-24 15:53:49.511485', '2023-02-24 15:53:49.511485', 'Hoàng Su Phì', 61),
	(683, '2023-02-24 15:53:49.512482', '2023-02-24 15:53:49.512482', 'Mèo Vạc', 61),
	(684, '2023-02-24 15:53:49.513479', '2023-02-24 15:53:49.513479', 'Quản Bạ', 61),
	(685, '2023-02-24 15:53:49.514948', '2023-02-24 15:53:49.514948', 'Quang Bình', 61),
	(686, '2023-02-24 15:53:49.517949', '2023-02-24 15:53:49.517949', 'Vị Xuyên', 61),
	(687, '2023-02-24 15:53:49.519903', '2023-02-24 15:53:49.519903', 'Xín Mần', 61),
	(688, '2023-02-24 15:53:49.520998', '2023-02-24 15:53:49.520998', 'Yên Minh', 61),
	(689, '2023-02-24 15:53:49.522870', '2023-02-24 15:53:49.522870', 'Ba Bể', 62),
	(690, '2023-02-24 15:53:49.524089', '2023-02-24 15:53:49.524089', 'Bắc Kạn', 62),
	(691, '2023-02-24 15:53:49.525155', '2023-02-24 15:53:49.525155', 'Bạch Thông', 62),
	(692, '2023-02-24 15:53:49.526409', '2023-02-24 15:53:49.526409', 'Chợ Đồn', 62),
	(693, '2023-02-24 15:53:49.527538', '2023-02-24 15:53:49.527538', 'Chợ Mới', 62),
	(694, '2023-02-24 15:53:49.528733', '2023-02-24 15:53:49.528733', 'Na Rì', 62),
	(695, '2023-02-24 15:53:49.529790', '2023-02-24 15:53:49.529790', 'Ngân Sơn', 62),
	(696, '2023-02-24 15:53:49.530755', '2023-02-24 15:53:49.530755', 'Pác Nặm', 62),
	(697, '2023-02-24 15:53:49.535524', '2023-02-24 15:53:49.535524', 'Bảo Lạc', 63),
	(698, '2023-02-24 15:53:49.536507', '2023-02-24 15:53:49.536507', 'Bảo Lâm', 63),
	(699, '2023-02-24 15:53:49.537507', '2023-02-24 15:53:49.537507', 'Cao Bằng', 63),
	(700, '2023-02-24 15:53:49.538504', '2023-02-24 15:53:49.538504', 'Hạ Lang', 63),
	(701, '2023-02-24 15:53:49.540499', '2023-02-24 15:53:49.540499', 'Hà Quảng', 63),
	(702, '2023-02-24 15:53:49.541542', '2023-02-24 15:53:49.541542', 'Hòa An', 63),
	(703, '2023-02-24 15:53:49.542590', '2023-02-24 15:53:49.542590', 'Nguyên Bình', 63),
	(704, '2023-02-24 15:53:49.543683', '2023-02-24 15:53:49.543683', 'Phục Hòa', 63),
	(705, '2023-02-24 15:53:49.544755', '2023-02-24 15:53:49.544755', 'Quảng Uyên', 63),
	(706, '2023-02-24 15:53:49.545809', '2023-02-24 15:53:49.545809', 'Thạch An', 63),
	(707, '2023-02-24 15:53:49.546906', '2023-02-24 15:53:49.546906', 'Thông Nông', 63),
	(708, '2023-02-24 15:53:49.547978', '2023-02-24 15:53:49.547978', 'Trà Lĩnh', 63),
	(709, '2023-02-24 15:53:49.550985', '2023-02-24 15:53:49.550985', 'Trùng Khánh', 63);

-- Dumping structure for table myjob_db.myjob_common_location
CREATE TABLE IF NOT EXISTS `myjob_common_location` (
  `id` bigint NOT NULL AUTO_INCREMENT,
  `create_at` datetime(6) NOT NULL,
  `update_at` datetime(6) NOT NULL,
  `address` varchar(255) COLLATE utf8mb4_unicode_ci DEFAULT NULL,
  `lat` double DEFAULT NULL,
  `lng` double DEFAULT NULL,
  `city_id` bigint DEFAULT NULL,
  `district_id` bigint DEFAULT NULL,
  PRIMARY KEY (`id`),
  KEY `myjob_common_location_city_id_07fc3648_fk_myjob_common_city_id` (`city_id`),
  KEY `myjob_common_locatio_district_id_b0ae0ffb_fk_myjob_com` (`district_id`),
  CONSTRAINT `myjob_common_locatio_district_id_b0ae0ffb_fk_myjob_com` FOREIGN KEY (`district_id`) REFERENCES `myjob_common_district` (`id`),
  CONSTRAINT `myjob_common_location_city_id_07fc3648_fk_myjob_common_city_id` FOREIGN KEY (`city_id`) REFERENCES `myjob_common_city` (`id`)
) ENGINE=InnoDB AUTO_INCREMENT=10 DEFAULT CHARSET=utf8mb4 COLLATE=utf8mb4_unicode_ci;

-- Dumping data for table myjob_db.myjob_common_location: ~9 rows (approximately)
DELETE FROM `myjob_common_location`;
INSERT INTO `myjob_common_location` (`id`, `create_at`, `update_at`, `address`, `lat`, `lng`, `city_id`, `district_id`) VALUES
	(1, '2023-03-21 21:57:40.736856', '2023-03-28 17:54:06.539074', 'D4 Thất Sơn, Cư xá Bắc Hải, Phường 15, Quận 10, Hồ Chí Minh', 10.782054, 106.661781, 1, 11),
	(2, '2023-03-22 12:21:05.979833', '2023-03-27 18:04:49.199926', '1242 QL1A, Tân Tạo A, Bình Tân, TP. HCM', NULL, NULL, 1, 2),
	(3, '2023-03-22 15:32:27.825193', '2023-03-22 16:58:49.510327', '1242 QL1A, Tan Tao A, Binh Tan, TP. HCM', NULL, NULL, 2, 28),
	(4, '2023-03-26 00:27:05.828982', '2023-03-28 11:31:54.146259', '1242 QL1A, Tân Tạo A, Bình Tân, Hồ Chí Minh', 10.7248016, 106.6010423, 1, 2),
	(5, '2023-03-28 11:29:49.302532', '2023-03-28 17:24:35.206058', 'Phố Đại Từ, Đại Từ, phường Đại Kim, quận Hoàng Mai, Hà Nội', 20.9709296, 105.8333083, 2, 38),
	(6, '2023-03-28 11:35:26.155561', '2023-03-28 11:35:26.155561', '149C Trương Định, Phường 9, Quận 3, Hồ Chí Minh', 10.782848109000042, 106.68265598300007, 1, 15),
	(7, '2023-03-28 18:42:03.860665', '2023-03-28 18:42:03.861653', 'Khu D Geleximco, Đường Lê Trọng Tấn, Dương Nội, Hà Đông, Hà Nội', 20.98100039957088, 105.74127756694516, 2, 34),
	(8, '2023-03-29 01:20:11.924294', '2023-03-29 01:20:11.924294', 'Tòa nhà Emporium, 184 Lê Đại Hành, Phường 15, Quận 11, TP.HCM', NULL, NULL, 1, 12),
	(9, '2023-03-29 01:24:06.486995', '2023-03-29 01:24:06.487993', '184 Lê Đại Hành, Phường 15, Quận 11, Hồ Chí Minh', 10.76462680800006, 106.65592028900005, 1, 12);

-- Dumping structure for table myjob_db.myjob_info_advanced_skill
CREATE TABLE IF NOT EXISTS `myjob_info_advanced_skill` (
  `id` bigint NOT NULL AUTO_INCREMENT,
  `create_at` datetime(6) NOT NULL,
  `update_at` datetime(6) NOT NULL,
  `name` varchar(200) COLLATE utf8mb4_unicode_ci NOT NULL,
  `level` smallint NOT NULL,
  `resume_id` bigint NOT NULL,
  PRIMARY KEY (`id`),
  KEY `myjob_info_advanced__resume_id_6667f14c_fk_myjob_inf` (`resume_id`),
  CONSTRAINT `myjob_info_advanced__resume_id_6667f14c_fk_myjob_inf` FOREIGN KEY (`resume_id`) REFERENCES `myjob_info_resume` (`id`)
) ENGINE=InnoDB AUTO_INCREMENT=13 DEFAULT CHARSET=utf8mb4 COLLATE=utf8mb4_unicode_ci;

-- Dumping data for table myjob_db.myjob_info_advanced_skill: ~7 rows (approximately)
DELETE FROM `myjob_info_advanced_skill`;
INSERT INTO `myjob_info_advanced_skill` (`id`, `create_at`, `update_at`, `name`, `level`, `resume_id`) VALUES
	(1, '2023-03-22 16:12:43.497207', '2023-03-23 00:20:57.090711', 'Java', 4, 1),
	(6, '2023-03-27 17:56:17.226844', '2023-03-27 17:56:17.226844', 'Python', 5, 1),
	(7, '2023-03-27 17:56:30.547932', '2023-03-27 17:56:30.547932', 'Django + Django REST Framework', 5, 1),
	(8, '2023-03-27 17:56:37.059213', '2023-03-27 17:56:37.059213', 'ReactJS', 4, 1),
	(9, '2023-03-27 17:56:42.306194', '2023-03-27 17:56:42.306194', 'React Native', 3, 1),
	(10, '2023-03-27 17:56:46.758331', '2023-03-27 17:56:46.758331', 'Redis', 3, 1),
	(11, '2023-03-27 17:56:54.481619', '2023-03-27 17:56:54.481619', 'GitLab', 3, 1),
	(12, '2023-03-27 17:57:12.495500', '2023-03-27 17:57:12.495500', 'HTML + CSS + JS + Bootstrap', 4, 1);

-- Dumping structure for table myjob_db.myjob_info_certificate
CREATE TABLE IF NOT EXISTS `myjob_info_certificate` (
  `id` bigint NOT NULL AUTO_INCREMENT,
  `create_at` datetime(6) NOT NULL,
  `update_at` datetime(6) NOT NULL,
  `name` varchar(200) COLLATE utf8mb4_unicode_ci NOT NULL,
  `training_place` varchar(255) COLLATE utf8mb4_unicode_ci NOT NULL,
  `start_date` date NOT NULL,
  `expiration_date` date DEFAULT NULL,
  `resume_id` bigint NOT NULL,
  PRIMARY KEY (`id`),
  KEY `myjob_info_certifica_resume_id_86c9cabe_fk_myjob_inf` (`resume_id`),
  CONSTRAINT `myjob_info_certifica_resume_id_86c9cabe_fk_myjob_inf` FOREIGN KEY (`resume_id`) REFERENCES `myjob_info_resume` (`id`)
) ENGINE=InnoDB AUTO_INCREMENT=2 DEFAULT CHARSET=utf8mb4 COLLATE=utf8mb4_unicode_ci;

-- Dumping data for table myjob_db.myjob_info_certificate: ~0 rows (approximately)
DELETE FROM `myjob_info_certificate`;

-- Dumping structure for table myjob_db.myjob_info_company
CREATE TABLE IF NOT EXISTS `myjob_info_company` (
  `id` bigint NOT NULL AUTO_INCREMENT,
  `create_at` datetime(6) NOT NULL,
  `update_at` datetime(6) NOT NULL,
  `company_name` varchar(255) COLLATE utf8mb4_unicode_ci NOT NULL,
  `slug` varchar(50) COLLATE utf8mb4_unicode_ci NOT NULL,
  `company_image_url` varchar(200) COLLATE utf8mb4_unicode_ci NOT NULL,
  `company_email` varchar(100) COLLATE utf8mb4_unicode_ci NOT NULL,
  `company_phone` varchar(15) COLLATE utf8mb4_unicode_ci NOT NULL,
  `website_url` varchar(300) COLLATE utf8mb4_unicode_ci DEFAULT NULL,
  `tax_code` varchar(30) COLLATE utf8mb4_unicode_ci NOT NULL,
  `since` date DEFAULT NULL,
  `field_operation` varchar(255) COLLATE utf8mb4_unicode_ci DEFAULT NULL,
  `description` longtext COLLATE utf8mb4_unicode_ci,
  `employee_size` smallint DEFAULT NULL,
  `location_id` bigint DEFAULT NULL,
  `user_id` bigint NOT NULL,
  PRIMARY KEY (`id`),
  UNIQUE KEY `company_name` (`company_name`),
  UNIQUE KEY `slug` (`slug`),
  UNIQUE KEY `company_email` (`company_email`),
  UNIQUE KEY `company_phone` (`company_phone`),
  UNIQUE KEY `tax_code` (`tax_code`),
  UNIQUE KEY `user_id` (`user_id`),
  KEY `myjob_info_company_location_id_689a7425_fk_myjob_com` (`location_id`),
  CONSTRAINT `myjob_info_company_location_id_689a7425_fk_myjob_com` FOREIGN KEY (`location_id`) REFERENCES `myjob_common_location` (`id`),
  CONSTRAINT `myjob_info_company_user_id_05ac500f_fk_myjob_aut` FOREIGN KEY (`user_id`) REFERENCES `myjob_authentication_user` (`id`)
) ENGINE=InnoDB AUTO_INCREMENT=3 DEFAULT CHARSET=utf8mb4 COLLATE=utf8mb4_unicode_ci;

-- Dumping data for table myjob_db.myjob_info_company: ~0 rows (approximately)
DELETE FROM `myjob_info_company`;
INSERT INTO `myjob_info_company` (`id`, `create_at`, `update_at`, `company_name`, `slug`, `company_image_url`, `company_email`, `company_phone`, `website_url`, `tax_code`, `since`, `field_operation`, `description`, `employee_size`, `location_id`, `user_id`) VALUES
	(1, '2023-03-21 21:57:40.978409', '2023-03-28 17:54:06.542339', 'Công ty TNHH MTV DV Viễn Thông Phương Nam', 'cong-ty-tnhh-mtv-dv-vien-thong-phuong-nam', 'https://images.glints.com/unsafe/1200x0/glints-dashboard.s3.amazonaws.com/company-logo/d96a55feab97124f10d4758dd604d456.png', 'phuongnam@gmail.com', '09546548957', 'https://images.unsplash.com/photo-1679936636930-601c9450b92d?ixlib=rb-4.0.3&ixid=MnwxMjA3fDB8MHxwaG90by1wYWdlfHx8fGVufDB8fHx8&auto=format&fit=crop&w=1170&q=80', '1726726732652', '1989-12-28', 'Mạng Viễn Thông', '09546548957', 8, 1, 3),
	(2, '2023-03-29 01:20:12.277445', '2023-03-29 01:20:12.277445', 'Ngân Hàng Thương Mại Cổ Phần Tiên Phong - Trung Tâm Fico', 'ngan-hang-thuong-mai-co-phan-tien-phong-trung-tam', 'https://encrypted-tbn0.gstatic.com/images?q=tbn:ANd9GcRYdNTSR7FrWrSqTsG-lceC82-qY0U9TjONuSab5mmyUw6HYLZWpQDkfyVurHseiTR-7fI&usqp=CAU', 'tpbank@gmail.com', '0885132986', 'https://tpb.vn/ca-nhan', '1564879532', '1989-12-31', 'Ngân hàng', NULL, 8, 8, 6);

-- Dumping structure for table myjob_db.myjob_info_company_followed
CREATE TABLE IF NOT EXISTS `myjob_info_company_followed` (
  `id` bigint NOT NULL AUTO_INCREMENT,
  `create_at` datetime(6) NOT NULL,
  `update_at` datetime(6) NOT NULL,
  `is_followed` tinyint(1) NOT NULL,
  `company_id` bigint NOT NULL,
  `user_id` bigint NOT NULL,
  PRIMARY KEY (`id`),
  KEY `myjob_info_company_f_company_id_edee022f_fk_myjob_inf` (`company_id`),
  KEY `myjob_info_company_f_user_id_5e37f252_fk_myjob_aut` (`user_id`),
  CONSTRAINT `myjob_info_company_f_company_id_edee022f_fk_myjob_inf` FOREIGN KEY (`company_id`) REFERENCES `myjob_info_company` (`id`),
  CONSTRAINT `myjob_info_company_f_user_id_5e37f252_fk_myjob_aut` FOREIGN KEY (`user_id`) REFERENCES `myjob_authentication_user` (`id`)
) ENGINE=InnoDB DEFAULT CHARSET=utf8mb4 COLLATE=utf8mb4_unicode_ci;

-- Dumping data for table myjob_db.myjob_info_company_followed: ~0 rows (approximately)
DELETE FROM `myjob_info_company_followed`;

-- Dumping structure for table myjob_db.myjob_info_company_image
CREATE TABLE IF NOT EXISTS `myjob_info_company_image` (
  `id` bigint NOT NULL AUTO_INCREMENT,
  `create_at` datetime(6) NOT NULL,
  `update_at` datetime(6) NOT NULL,
  `image_url` varchar(300) COLLATE utf8mb4_unicode_ci NOT NULL,
  `index` smallint NOT NULL,
  `company_id` bigint NOT NULL,
  PRIMARY KEY (`id`),
  KEY `myjob_info_company_i_company_id_83cde7d6_fk_myjob_inf` (`company_id`),
  CONSTRAINT `myjob_info_company_i_company_id_83cde7d6_fk_myjob_inf` FOREIGN KEY (`company_id`) REFERENCES `myjob_info_company` (`id`)
) ENGINE=InnoDB DEFAULT CHARSET=utf8mb4 COLLATE=utf8mb4_unicode_ci;

-- Dumping data for table myjob_db.myjob_info_company_image: ~0 rows (approximately)
DELETE FROM `myjob_info_company_image`;

-- Dumping structure for table myjob_db.myjob_info_education_detail
CREATE TABLE IF NOT EXISTS `myjob_info_education_detail` (
  `id` bigint NOT NULL AUTO_INCREMENT,
  `create_at` datetime(6) NOT NULL,
  `update_at` datetime(6) NOT NULL,
  `degree_name` varchar(200) COLLATE utf8mb4_unicode_ci NOT NULL,
  `major` varchar(255) COLLATE utf8mb4_unicode_ci NOT NULL,
  `training_place_name` varchar(255) COLLATE utf8mb4_unicode_ci NOT NULL,
  `start_date` date NOT NULL,
  `completed_date` date DEFAULT NULL,
  `description` varchar(255) COLLATE utf8mb4_unicode_ci DEFAULT NULL,
  `resume_id` bigint NOT NULL,
  PRIMARY KEY (`id`),
  KEY `myjob_info_education_resume_id_8f466373_fk_myjob_inf` (`resume_id`),
  CONSTRAINT `myjob_info_education_resume_id_8f466373_fk_myjob_inf` FOREIGN KEY (`resume_id`) REFERENCES `myjob_info_resume` (`id`)
) ENGINE=InnoDB AUTO_INCREMENT=3 DEFAULT CHARSET=utf8mb4 COLLATE=utf8mb4_unicode_ci;

-- Dumping data for table myjob_db.myjob_info_education_detail: ~2 rows (approximately)
DELETE FROM `myjob_info_education_detail`;
INSERT INTO `myjob_info_education_detail` (`id`, `create_at`, `update_at`, `degree_name`, `major`, `training_place_name`, `start_date`, `completed_date`, `description`, `resume_id`) VALUES
	(1, '2023-03-22 16:10:09.690371', '2023-03-26 13:52:32.362056', 'Cử nhân Công nghệ thông tin', 'Công nghệ thông tin', 'Đại học Mở Thành phố Hồ Chí Minh', '2019-08-28', '2023-02-21', 'MUI Base cung cấp phiên bản không có đầu ("chưa được tạo kiểu") của thành phần Trường văn bản phản ứng này . Hãy dùng thử nếu bạn cần tùy chỉnh linh hoạt hơn và kích thước gói nhỏ hơn.', 1),
	(2, '2023-03-22 16:14:53.751869', '2023-03-22 16:14:53.751869', 'Kỹ sư cơ khí', 'Kỹ thuật cơ khí', 'Cao Đẳng Cao Thắng', '2021-08-31', '2024-09-08', NULL, 2);

-- Dumping structure for table myjob_db.myjob_info_experience_detail
CREATE TABLE IF NOT EXISTS `myjob_info_experience_detail` (
  `id` bigint NOT NULL AUTO_INCREMENT,
  `create_at` datetime(6) NOT NULL,
  `update_at` datetime(6) NOT NULL,
  `job_name` varchar(200) COLLATE utf8mb4_unicode_ci NOT NULL,
  `company_name` varchar(255) COLLATE utf8mb4_unicode_ci NOT NULL,
  `start_date` date NOT NULL,
  `end_date` date NOT NULL,
  `description` varchar(255) COLLATE utf8mb4_unicode_ci DEFAULT NULL,
  `resume_id` bigint NOT NULL,
  PRIMARY KEY (`id`),
  KEY `myjob_info_experienc_resume_id_492640bc_fk_myjob_inf` (`resume_id`),
  CONSTRAINT `myjob_info_experienc_resume_id_492640bc_fk_myjob_inf` FOREIGN KEY (`resume_id`) REFERENCES `myjob_info_resume` (`id`)
) ENGINE=InnoDB AUTO_INCREMENT=2 DEFAULT CHARSET=utf8mb4 COLLATE=utf8mb4_unicode_ci;

-- Dumping data for table myjob_db.myjob_info_experience_detail: ~0 rows (approximately)
DELETE FROM `myjob_info_experience_detail`;
INSERT INTO `myjob_info_experience_detail` (`id`, `create_at`, `update_at`, `job_name`, `company_name`, `start_date`, `end_date`, `description`, `resume_id`) VALUES
	(1, '2023-03-22 14:25:10.951667', '2023-03-24 12:36:49.830222', 'Lập Trình Viên Python', 'Công ty TNHH MTV DV Viễn Thông Phương Nam', '2022-08-28', '2023-02-25', 'Python Django', 1);

-- Dumping structure for table myjob_db.myjob_info_job_seeker_profile
CREATE TABLE IF NOT EXISTS `myjob_info_job_seeker_profile` (
  `id` bigint NOT NULL AUTO_INCREMENT,
  `create_at` datetime(6) NOT NULL,
  `update_at` datetime(6) NOT NULL,
  `phone` varchar(15) COLLATE utf8mb4_unicode_ci DEFAULT NULL,
  `birthday` date DEFAULT NULL,
  `gender` varchar(1) COLLATE utf8mb4_unicode_ci DEFAULT NULL,
  `marital_status` varchar(1) COLLATE utf8mb4_unicode_ci DEFAULT NULL,
  `location_id` bigint DEFAULT NULL,
  `user_id` bigint NOT NULL,
  PRIMARY KEY (`id`),
  UNIQUE KEY `user_id` (`user_id`),
  KEY `myjob_info_job_seeke_location_id_cfb1ae7d_fk_myjob_com` (`location_id`),
  CONSTRAINT `myjob_info_job_seeke_location_id_cfb1ae7d_fk_myjob_com` FOREIGN KEY (`location_id`) REFERENCES `myjob_common_location` (`id`),
  CONSTRAINT `myjob_info_job_seeke_user_id_3e9c9649_fk_myjob_aut` FOREIGN KEY (`user_id`) REFERENCES `myjob_authentication_user` (`id`)
) ENGINE=InnoDB AUTO_INCREMENT=4 DEFAULT CHARSET=utf8mb4 COLLATE=utf8mb4_unicode_ci;

-- Dumping data for table myjob_db.myjob_info_job_seeker_profile: ~2 rows (approximately)
DELETE FROM `myjob_info_job_seeker_profile`;
INSERT INTO `myjob_info_job_seeker_profile` (`id`, `create_at`, `update_at`, `phone`, `birthday`, `gender`, `marital_status`, `location_id`, `user_id`) VALUES
	(1, '2023-03-21 21:52:26.495126', '2023-03-27 18:04:49.206917', '0888425094', '2001-02-10', 'M', 'S', 2, 2),
	(2, '2023-03-22 14:34:44.245409', '2023-03-22 16:58:49.517327', '0889256987', '2003-03-09', 'M', 'S', 3, 4),
	(3, '2023-03-25 01:14:31.898183', '2023-03-25 01:14:31.898183', NULL, NULL, NULL, 'S', NULL, 5);

-- Dumping structure for table myjob_db.myjob_info_language_skill
CREATE TABLE IF NOT EXISTS `myjob_info_language_skill` (
  `id` bigint NOT NULL AUTO_INCREMENT,
  `create_at` datetime(6) NOT NULL,
  `update_at` datetime(6) NOT NULL,
  `language` smallint NOT NULL,
  `level` smallint NOT NULL,
  `resume_id` bigint NOT NULL,
  PRIMARY KEY (`id`),
  KEY `myjob_info_language__resume_id_d471909b_fk_myjob_inf` (`resume_id`),
  CONSTRAINT `myjob_info_language__resume_id_d471909b_fk_myjob_inf` FOREIGN KEY (`resume_id`) REFERENCES `myjob_info_resume` (`id`)
) ENGINE=InnoDB AUTO_INCREMENT=10 DEFAULT CHARSET=utf8mb4 COLLATE=utf8mb4_unicode_ci;

-- Dumping data for table myjob_db.myjob_info_language_skill: ~6 rows (approximately)
DELETE FROM `myjob_info_language_skill`;
INSERT INTO `myjob_info_language_skill` (`id`, `create_at`, `update_at`, `language`, `level`, `resume_id`) VALUES
	(1, '2023-03-22 16:12:14.685490', '2023-03-23 01:48:07.168369', 2, 5, 1),
	(3, '2023-03-22 16:12:26.773539', '2023-03-22 16:12:26.773539', 6, 5, 1),
	(5, '2023-03-27 17:55:29.962319', '2023-03-27 17:55:29.962319', 3, 5, 1),
	(6, '2023-03-27 17:55:35.275667', '2023-03-27 17:55:35.275667', 7, 5, 1),
	(7, '2023-03-27 17:55:50.997268', '2023-03-27 17:55:50.998266', 8, 5, 1),
	(8, '2023-03-27 17:55:56.766515', '2023-03-27 17:55:56.766515', 1, 5, 1),
	(9, '2023-03-27 17:56:01.472182', '2023-03-27 17:56:01.472182', 4, 5, 1);

-- Dumping structure for table myjob_db.myjob_info_resume
CREATE TABLE IF NOT EXISTS `myjob_info_resume` (
  `id` bigint NOT NULL AUTO_INCREMENT,
  `create_at` datetime(6) NOT NULL,
  `update_at` datetime(6) NOT NULL,
  `title` varchar(200) COLLATE utf8mb4_unicode_ci DEFAULT NULL,
  `slug` varchar(50) COLLATE utf8mb4_unicode_ci NOT NULL,
  `description` longtext COLLATE utf8mb4_unicode_ci,
  `position` smallint DEFAULT NULL,
  `experience` smallint DEFAULT NULL,
  `academic_level` smallint DEFAULT NULL,
  `type_of_workplace` smallint DEFAULT NULL,
  `job_type` smallint DEFAULT NULL,
  `is_active` tinyint(1) NOT NULL,
  `type` varchar(10) COLLATE utf8mb4_unicode_ci NOT NULL,
  `career_id` bigint DEFAULT NULL,
  `city_id` bigint DEFAULT NULL,
  `job_seeker_profile_id` bigint NOT NULL,
  `user_id` bigint NOT NULL,
  `salary_max` decimal(12,0) NOT NULL,
  `salary_min` decimal(12,0) NOT NULL,
  `file_url` varchar(200) COLLATE utf8mb4_unicode_ci DEFAULT NULL,
  `image_url` varchar(200) COLLATE utf8mb4_unicode_ci DEFAULT NULL,
  `public_id` varchar(255) COLLATE utf8mb4_unicode_ci DEFAULT NULL,
  PRIMARY KEY (`id`),
  UNIQUE KEY `slug` (`slug`),
  KEY `myjob_info_resume_career_id_2e02e7b1_fk_myjob_common_career_id` (`career_id`),
  KEY `myjob_info_resume_city_id_8fbbd2d9_fk_myjob_common_city_id` (`city_id`),
  KEY `myjob_info_resume_job_seeker_profile_i_80bd00ce_fk_myjob_inf` (`job_seeker_profile_id`),
  KEY `myjob_info_resume_user_id_e647d224_fk_myjob_aut` (`user_id`),
  CONSTRAINT `myjob_info_resume_career_id_2e02e7b1_fk_myjob_common_career_id` FOREIGN KEY (`career_id`) REFERENCES `myjob_common_career` (`id`),
  CONSTRAINT `myjob_info_resume_city_id_8fbbd2d9_fk_myjob_common_city_id` FOREIGN KEY (`city_id`) REFERENCES `myjob_common_city` (`id`),
  CONSTRAINT `myjob_info_resume_job_seeker_profile_i_80bd00ce_fk_myjob_inf` FOREIGN KEY (`job_seeker_profile_id`) REFERENCES `myjob_info_job_seeker_profile` (`id`),
  CONSTRAINT `myjob_info_resume_user_id_e647d224_fk_myjob_aut` FOREIGN KEY (`user_id`) REFERENCES `myjob_authentication_user` (`id`)
) ENGINE=InnoDB AUTO_INCREMENT=29 DEFAULT CHARSET=utf8mb4 COLLATE=utf8mb4_unicode_ci;

-- Dumping data for table myjob_db.myjob_info_resume: ~3 rows (approximately)
DELETE FROM `myjob_info_resume`;
INSERT INTO `myjob_info_resume` (`id`, `create_at`, `update_at`, `title`, `slug`, `description`, `position`, `experience`, `academic_level`, `type_of_workplace`, `job_type`, `is_active`, `type`, `career_id`, `city_id`, `job_seeker_profile_id`, `user_id`, `salary_max`, `salary_min`, `file_url`, `image_url`, `public_id`) VALUES
	(1, '2023-03-21 21:52:26.513140', '2023-03-26 13:52:19.404384', 'Lập trình viên Python', '-2', 'Tôi đang tìm kiếm một vị trí Python Backend Developer trong một công ty phát triển sản phẩm hoặc dịch vụ công nghệ. Với kinh nghiệm của mình trong phát triển và triển khai các ứng dụng web và dịch vụ trên nền tảng Python, tôi mong muốn được tham gia vào một đội ngũ chuyên nghiệp, sáng tạo và đam mê công nghệ. Mục tiêu của tôi là tham gia vào quá trình phát triển sản phẩm và cải thiện trải nghiệm người dùng thông qua việc áp dụng các công nghệ tiên tiến và đáp ứng các yêu cầu kỹ thuật. Tôi mong muốn đóng góp cho sự phát triển bền vững của công ty và đồng thời phát triển kỹ năng cá nhân của mình.', 3, 2, 2, 2, 1, 0, 'WEBSITE', 37, 1, 1, 2, 15000000, 10000000, NULL, NULL, NULL),
	(2, '2023-03-22 14:34:44.248701', '2023-03-22 14:34:44.248701', NULL, '-3', NULL, NULL, NULL, NULL, NULL, NULL, 0, 'WEBSITE', NULL, NULL, 2, 4, 0, 0, NULL, NULL, NULL),
	(16, '2023-03-25 01:14:31.906327', '2023-03-25 01:14:31.906327', NULL, '-4', NULL, NULL, NULL, NULL, NULL, NULL, 0, 'WEBSITE', NULL, NULL, 3, 5, 0, 0, NULL, NULL, NULL);

-- Dumping structure for table myjob_db.myjob_info_resume_saved
CREATE TABLE IF NOT EXISTS `myjob_info_resume_saved` (
  `id` bigint NOT NULL AUTO_INCREMENT,
  `create_at` datetime(6) NOT NULL,
  `update_at` datetime(6) NOT NULL,
  `resume_id` bigint NOT NULL,
  `user_id` bigint NOT NULL,
  PRIMARY KEY (`id`),
  KEY `myjob_info_resume_sa_resume_id_0d29be4b_fk_myjob_inf` (`resume_id`),
  KEY `myjob_info_resume_sa_user_id_47a79acf_fk_myjob_aut` (`user_id`),
  CONSTRAINT `myjob_info_resume_sa_resume_id_0d29be4b_fk_myjob_inf` FOREIGN KEY (`resume_id`) REFERENCES `myjob_info_resume` (`id`),
  CONSTRAINT `myjob_info_resume_sa_user_id_47a79acf_fk_myjob_aut` FOREIGN KEY (`user_id`) REFERENCES `myjob_authentication_user` (`id`)
) ENGINE=InnoDB DEFAULT CHARSET=utf8mb4 COLLATE=utf8mb4_unicode_ci;

-- Dumping data for table myjob_db.myjob_info_resume_saved: ~0 rows (approximately)
DELETE FROM `myjob_info_resume_saved`;

-- Dumping structure for table myjob_db.myjob_info_resume_viewed
CREATE TABLE IF NOT EXISTS `myjob_info_resume_viewed` (
  `id` bigint NOT NULL AUTO_INCREMENT,
  `create_at` datetime(6) NOT NULL,
  `update_at` datetime(6) NOT NULL,
  `views` bigint NOT NULL,
  `resume_id` bigint NOT NULL,
  `user_id` bigint NOT NULL,
  PRIMARY KEY (`id`),
  KEY `myjob_info_resume_vi_resume_id_39f3cc6e_fk_myjob_inf` (`resume_id`),
  KEY `myjob_info_resume_vi_user_id_30b3e07e_fk_myjob_aut` (`user_id`),
  CONSTRAINT `myjob_info_resume_vi_resume_id_39f3cc6e_fk_myjob_inf` FOREIGN KEY (`resume_id`) REFERENCES `myjob_info_resume` (`id`),
  CONSTRAINT `myjob_info_resume_vi_user_id_30b3e07e_fk_myjob_aut` FOREIGN KEY (`user_id`) REFERENCES `myjob_authentication_user` (`id`)
) ENGINE=InnoDB DEFAULT CHARSET=utf8mb4 COLLATE=utf8mb4_unicode_ci;

-- Dumping data for table myjob_db.myjob_info_resume_viewed: ~0 rows (approximately)
DELETE FROM `myjob_info_resume_viewed`;

-- Dumping structure for table myjob_db.myjob_job_job_post
CREATE TABLE IF NOT EXISTS `myjob_job_job_post` (
  `id` bigint NOT NULL AUTO_INCREMENT,
  `create_at` datetime(6) NOT NULL,
  `update_at` datetime(6) NOT NULL,
  `job_name` varchar(255) COLLATE utf8mb4_unicode_ci NOT NULL,
  `slug` varchar(50) COLLATE utf8mb4_unicode_ci NOT NULL,
  `deadline` date NOT NULL,
  `quantity` int NOT NULL,
  `gender_required` varchar(1) COLLATE utf8mb4_unicode_ci DEFAULT NULL,
  `job_description` longtext COLLATE utf8mb4_unicode_ci NOT NULL,
  `job_requirement` longtext COLLATE utf8mb4_unicode_ci,
  `benefits_enjoyed` longtext COLLATE utf8mb4_unicode_ci,
  `position` smallint NOT NULL,
  `type_of_workplace` smallint NOT NULL,
  `experience` smallint NOT NULL,
  `academic_level` smallint NOT NULL,
  `job_type` smallint NOT NULL,
  `salary_min` int NOT NULL,
  `salary_max` int NOT NULL,
  `is_hot` tinyint(1) NOT NULL,
  `is_urgent` tinyint(1) NOT NULL,
  `contact_person_name` varchar(100) COLLATE utf8mb4_unicode_ci NOT NULL,
  `contact_person_phone` varchar(15) COLLATE utf8mb4_unicode_ci NOT NULL,
  `contact_person_email` varchar(100) COLLATE utf8mb4_unicode_ci NOT NULL,
  `company_id` bigint NOT NULL,
  `location_id` bigint DEFAULT NULL,
  `user_id` bigint NOT NULL,
  `career_id` bigint DEFAULT NULL,
  `shares` bigint NOT NULL,
  `views` bigint NOT NULL,
  PRIMARY KEY (`id`),
  UNIQUE KEY `slug` (`slug`),
  KEY `myjob_job_job_post_company_id_a8234822_fk_myjob_info_company_id` (`company_id`),
  KEY `myjob_job_job_post_location_id_6eba288c_fk_myjob_com` (`location_id`),
  KEY `myjob_job_job_post_user_id_062ff148_fk_myjob_aut` (`user_id`),
  KEY `myjob_job_job_post_career_id_01fbb287_fk_myjob_common_career_id` (`career_id`),
  CONSTRAINT `myjob_job_job_post_career_id_01fbb287_fk_myjob_common_career_id` FOREIGN KEY (`career_id`) REFERENCES `myjob_common_career` (`id`),
  CONSTRAINT `myjob_job_job_post_company_id_a8234822_fk_myjob_info_company_id` FOREIGN KEY (`company_id`) REFERENCES `myjob_info_company` (`id`),
  CONSTRAINT `myjob_job_job_post_location_id_6eba288c_fk_myjob_com` FOREIGN KEY (`location_id`) REFERENCES `myjob_common_location` (`id`),
  CONSTRAINT `myjob_job_job_post_user_id_062ff148_fk_myjob_aut` FOREIGN KEY (`user_id`) REFERENCES `myjob_authentication_user` (`id`)
) ENGINE=InnoDB AUTO_INCREMENT=6 DEFAULT CHARSET=utf8mb4 COLLATE=utf8mb4_unicode_ci;

-- Dumping data for table myjob_db.myjob_job_job_post: ~2 rows (approximately)
DELETE FROM `myjob_job_job_post`;
INSERT INTO `myjob_job_job_post` (`id`, `create_at`, `update_at`, `job_name`, `slug`, `deadline`, `quantity`, `gender_required`, `job_description`, `job_requirement`, `benefits_enjoyed`, `position`, `type_of_workplace`, `experience`, `academic_level`, `job_type`, `salary_min`, `salary_max`, `is_hot`, `is_urgent`, `contact_person_name`, `contact_person_phone`, `contact_person_email`, `company_id`, `location_id`, `user_id`, `career_id`, `shares`, `views`) VALUES
	(2, '2023-03-28 11:29:49.309601', '2023-03-28 17:24:35.214278', 'Lập Trình Viên Python (Odoo)', 'lap-trinh-vien-python-odoo', '2023-04-28', 10, 'O', '<p>Lập trình viên Python (phần mềm Odoo) sẽ là thành viên của Công ty Battech (Công ty con của Tập đoàn Batgroup) thực hiện các nhiệm vụ sau đây:</p>\n<ul>\n<li>Thiết kế và phát triển ứng dụng ODOO (phát triển và tùy chỉnh module mới).</li>\n<li>Phân tích yêu cầu.</li>\n<li>Sử dụng lại các tính năng có sẵn trong ODOO.</li>\n<li>Tạo mô-đun tùy chỉnh trong ODOO để đáp ứng yêu cầu cụ thể.</li>\n<li>Tham gia vào các dự án phát triển các sản phẩm, dịch vụ.</li>\n<li>Thực hiện lên ý tưởng cho những thay đổi cần thiết trong quá trình phát triển phần mềm để chất lượng sản phẩm chất lượng hơn.</li>\n<li>Phát triển các ứng dụng / tính năng vận hành doanh nghiệp hàng ngày.</li>\n<li>Thực hiện các công việc khác theo yêu cầu của TBP</li>\n</ul>', '<ul>\n<li>Có Kiến thức vững chắc về Python và các khái niệm lập trình.</li>\n<li>Hiểu biết về luồng cơ bản ODOO.</li>\n<li>Có Kiến thức về các mô hình dữ liệu có sẵn trong core ODOO.</li>\n<li>Có kinh nghiệm phát triển các phiên bản mới nhất của ODOO và khả năng xử lý những lỗi xảy ra.</li>\n<li>Có kinh nghiệm cập nhật phiên bản ODOO .</li>\n<li>Có kinh nghiệm OOP, Design Patterns, xây dựng kiến trúc hệ thống</li>\n<li>Có kiến thức cơ bản về thuật toán, cơ sở dữ liệu và giải thuật</li>\n<li>Có Kiến thức cốt lõi về tính năng hiện tại có sẵn trong ODOO - Bán hàng, Mua hàng, CRM, Tài khoản, Hàng tồn kho, Dự án, Time-sheet, HR, v.v.</li>\n<li>Kiến thức về xử lý giao diện người dùng ODOO (XML và Javascript), HTML, CSS, JS, Ajax, jQuery,</li>\n<li>Hiểu biết về quy trình phát triển phần mềm, nắm vững về git</li>\n<li>Có kinh nghiệm OOP, Design Patterns, xây dựng kiến trúc hệ thống</li>\n<li>Có kiến thức tốt về PostgreSQL với khả năng viết các câu truy vấn SQL.</li>\n<li>Xem tùy chỉnh - làm việc trên Widget, Wizards, Java Script, xem XML, v.v.</li>\n<li>Tạo báo cáo Q-Web.</li>\n<li>Nhập dữ liệu bằng nhập ODOO cũng như nhập tùy chỉnh bằng Python.</li>\n<li>Kiến thức về hệ điều hành Linux và Amazon Cloud</li>\n</ul>', '<ul>\n<li>Thu nhập: Thỏa thuận theo kinh nghiệm và năng lực của ứng viên, upto 30 triệu + Hỗ trợ ăn trưa 35k/ngày</li>\n<li>Thưởng các ngày lễ tết, tháng lương 13, thưởng hiệu quả dự án.</li>\n<li>Thời gian làm việc: Từ thứ 2 đến hết thứ 6, hàng ngày từ 08h-17h</li>\n<li>Được hưởng quyền lợi BHXH, BHYT, BHTN đầy đủ theo quy định của nhà nước.</li>\n<li>Được đánh giá xét kết quả công việc, đề bạt lên các vị trí phù hợp với năng lực bản thân</li>\n<li>Chế độ xét duyệt tăng lương định kỳ hàng năm</li>\n<li>Được đào tạo, hướng dẫn, phát triển bản thân nâng cao trình độ chuyên môn, nghiệp vụ, kỹ năng</li>\n<li>Làm việc tại môi trường chuyên nghiệp, năng động, trẻ trung, thân thiện và trải nghiệm các hoạt động văn hóa doanh nghiệp đặc sắc</li>\n<li>Cơ hội tiếp cận với những doanh nghiệp, dự án lớn, những xu hướng công nghệ/nền tảng mới nhất, thỏa sức sáng tạo phát triển bản thân</li>\n<li>Các chế độ phúc lợi theo chính sách của Công ty: Nghỉ phép năm, thưởng các ngày lễ, tết, thăm hỏi, tặng quà, hỗ trợ …</li>\n</ul>', 3, 2, 2, 3, 1, 10000000, 15000000, 0, 1, 'Bùi Khánh Huy', '0888425094', 'khuy220@gmail.com', 1, 5, 3, 37, 0, 0),
	(3, '2023-03-28 11:35:26.156973', '2023-03-28 11:35:26.156973', 'Nhân Viên IT - IT Helpdesk', 'nhan-vien-it-it-helpdesk', '2023-05-30', 5, 'O', '<p style="text-align:start;"><span style="color: rgb(0,0,0);background-color: rgb(255,255,255);font-size: 14px;font-family: Lexend, -apple-system, BlinkMacSystemFont, "Segoe UI", Roboto, "Helvetica Neue", Arial, "Noto Sans", "Liberation Sans", sans-serif, "Apple Color Emoji", "Segoe UI Emoji", "Segoe UI Symbol", "Noto Color Emoji;">1. Quản trị hệ thống máy tính, hỗ trợ người sử dụng trong công ty hoạt động hiệu quả.</span></p>\n<p style="text-align:start;"><span style="color: rgb(0,0,0);background-color: rgb(255,255,255);font-size: 14px;font-family: Lexend, -apple-system, BlinkMacSystemFont, "Segoe UI", Roboto, "Helvetica Neue", Arial, "Noto Sans", "Liberation Sans", sans-serif, "Apple Color Emoji", "Segoe UI Emoji", "Segoe UI Symbol", "Noto Color Emoji;">2. Thiết lập, bảo trì, sửa chữa hệ thống mạng nội bộ của công ty.</span></p>\n<p style="text-align:start;"><span style="color: rgb(0,0,0);background-color: rgb(255,255,255);font-size: 14px;font-family: Lexend, -apple-system, BlinkMacSystemFont, "Segoe UI", Roboto, "Helvetica Neue", Arial, "Noto Sans", "Liberation Sans", sans-serif, "Apple Color Emoji", "Segoe UI Emoji", "Segoe UI Symbol", "Noto Color Emoji;">3. Quản lý hệ thống: server, Data center, camera, chấm công.</span></p>\n<p style="text-align:start;"><span style="color: rgb(0,0,0);background-color: rgb(255,255,255);font-size: 14px;font-family: Lexend, -apple-system, BlinkMacSystemFont, "Segoe UI", Roboto, "Helvetica Neue", Arial, "Noto Sans", "Liberation Sans", sans-serif, "Apple Color Emoji", "Segoe UI Emoji", "Segoe UI Symbol", "Noto Color Emoji;">4. Quản lý các thiết bị công nghệ thông tin và công nghệ của công ty</span></p>\n<p style="text-align:start;"><span style="color: rgb(0,0,0);background-color: rgb(255,255,255);font-size: 14px;font-family: Lexend, -apple-system, BlinkMacSystemFont, "Segoe UI", Roboto, "Helvetica Neue", Arial, "Noto Sans", "Liberation Sans", sans-serif, "Apple Color Emoji", "Segoe UI Emoji", "Segoe UI Symbol", "Noto Color Emoji;">5. Đề xuất, lập kế hoạch bảo trì, nâng cấp hệ thống, thiết bị định kỳ; thay đổi dịch vụ theo yêu cầu phát triển của công ty.</span></p>\n<p style="text-align:start;"><span style="color: rgb(0,0,0);background-color: rgb(255,255,255);font-size: 14px;font-family: Lexend, -apple-system, BlinkMacSystemFont, "Segoe UI", Roboto, "Helvetica Neue", Arial, "Noto Sans", "Liberation Sans", sans-serif, "Apple Color Emoji", "Segoe UI Emoji", "Segoe UI Symbol", "Noto Color Emoji;">6. Hỗ trợ Hành chính quản lý, bảo trì, sửa chữa và thay thế tài sản thiết bị văn phòng.</span></p>\n<p style="text-align:start;"><span style="color: rgb(0,0,0);background-color: rgb(255,255,255);font-size: 14px;font-family: Lexend, -apple-system, BlinkMacSystemFont, "Segoe UI", Roboto, "Helvetica Neue", Arial, "Noto Sans", "Liberation Sans", sans-serif, "Apple Color Emoji", "Segoe UI Emoji", "Segoe UI Symbol", "Noto Color Emoji;">7. Thực hiện một số công việc khác theo yêu cầu Trưởng phòng và Ban Giám đốc.</span>&nbsp;</p>', '<h1 style="text-align:start;"><span style="color: rgb(0,0,0);background-color: rgb(255,255,255);font-size: 14px;font-family: Lexend, -apple-system, BlinkMacSystemFont, "Segoe UI", Roboto, "Helvetica Neue", Arial, "Noto Sans", "Liberation Sans", sans-serif, "Apple Color Emoji", "Segoe UI Emoji", "Segoe UI Symbol", "Noto Color Emoji;">1. Học vấn và kinh nghiệm</span></h1>\n<p style="text-align:start;"><span style="color: rgb(0,0,0);background-color: rgb(255,255,255);font-size: 14px;font-family: Lexend, -apple-system, BlinkMacSystemFont, "Segoe UI", Roboto, "Helvetica Neue", Arial, "Noto Sans", "Liberation Sans", sans-serif, "Apple Color Emoji", "Segoe UI Emoji", "Segoe UI Symbol", "Noto Color Emoji;">- Tốt nghiệp Cao đẳng, Đại học chuyên ngành CNTT.</span></p>\n<p style="text-align:start;"><span style="color: rgb(0,0,0);background-color: rgb(255,255,255);font-size: 14px;font-family: Lexend, -apple-system, BlinkMacSystemFont, "Segoe UI", Roboto, "Helvetica Neue", Arial, "Noto Sans", "Liberation Sans", sans-serif, "Apple Color Emoji", "Segoe UI Emoji", "Segoe UI Symbol", "Noto Color Emoji;">- Có kinh nghiệm về quản trị mạng, quản trị hệ thống server.</span></p>\n<p style="text-align:start;"><span style="color: rgb(0,0,0);background-color: rgb(255,255,255);font-size: 14px;font-family: Lexend, -apple-system, BlinkMacSystemFont, "Segoe UI", Roboto, "Helvetica Neue", Arial, "Noto Sans", "Liberation Sans", sans-serif, "Apple Color Emoji", "Segoe UI Emoji", "Segoe UI Symbol", "Noto Color Emoji;">- Có kinh nghiệm về phần cứng máy tính.</span></p>\n<p style="text-align:start;"><span style="color: rgb(0,0,0);background-color: rgb(255,255,255);font-size: 14px;font-family: Lexend, -apple-system, BlinkMacSystemFont, "Segoe UI", Roboto, "Helvetica Neue", Arial, "Noto Sans", "Liberation Sans", sans-serif, "Apple Color Emoji", "Segoe UI Emoji", "Segoe UI Symbol", "Noto Color Emoji;">- Có ít nhất 02 năm làm lĩnh vực theo yêu cầu.</span></p>\n<p style="text-align:start;"><span style="color: rgb(0,0,0);background-color: rgb(255,255,255);font-size: 14px;font-family: Lexend, -apple-system, BlinkMacSystemFont, "Segoe UI", Roboto, "Helvetica Neue", Arial, "Noto Sans", "Liberation Sans", sans-serif, "Apple Color Emoji", "Segoe UI Emoji", "Segoe UI Symbol", "Noto Color Emoji;">- Có trách nhiệm với công việc, làm việc nghiêm túc, nhanh nhẹn, nhiệt tình.</span></p>\n<p style="text-align:start;"><span style="color: rgb(0,0,0);background-color: rgb(255,255,255);font-size: 14px;font-family: Lexend, -apple-system, BlinkMacSystemFont, "Segoe UI", Roboto, "Helvetica Neue", Arial, "Noto Sans", "Liberation Sans", sans-serif, "Apple Color Emoji", "Segoe UI Emoji", "Segoe UI Symbol", "Noto Color Emoji;">- Ưu tiên ứng viên có nhiều kinh nghiệm quản lý website</span></p>\n<p><span style="color: rgb(0,0,0);background-color: rgb(255,255,255);font-size: 14px;font-family: Lexend, -apple-system, BlinkMacSystemFont, "Segoe UI", Roboto, "Helvetica Neue", Arial, "Noto Sans", "Liberation Sans", sans-serif, "Apple Color Emoji", "Segoe UI Emoji", "Segoe UI Symbol", "Noto Color Emoji;"><strong>2. Kỹ năng cá nhân</strong></span><strong> </strong></p>\n<p style="text-align:start;"><span style="color: rgb(0,0,0);background-color: rgb(255,255,255);font-size: 14px;font-family: Lexend, -apple-system, BlinkMacSystemFont, "Segoe UI", Roboto, "Helvetica Neue", Arial, "Noto Sans", "Liberation Sans", sans-serif, "Apple Color Emoji", "Segoe UI Emoji", "Segoe UI Symbol", "Noto Color Emoji;">- Kỹ năng giao tiếp, truyền đạt thông tin tốt.</span></p>\n<p style="text-align:start;"><span style="color: rgb(0,0,0);background-color: rgb(255,255,255);font-size: 14px;font-family: Lexend, -apple-system, BlinkMacSystemFont, "Segoe UI", Roboto, "Helvetica Neue", Arial, "Noto Sans", "Liberation Sans", sans-serif, "Apple Color Emoji", "Segoe UI Emoji", "Segoe UI Symbol", "Noto Color Emoji;">- Tự tin, tích cực và chủ động trong công việc.</span></p>\n<p style="text-align:start;"><span style="color: rgb(0,0,0);background-color: rgb(255,255,255);font-size: 14px;font-family: Lexend, -apple-system, BlinkMacSystemFont, "Segoe UI", Roboto, "Helvetica Neue", Arial, "Noto Sans", "Liberation Sans", sans-serif, "Apple Color Emoji", "Segoe UI Emoji", "Segoe UI Symbol", "Noto Color Emoji;">- Sáng tạo và độc lập trong công tác chuyên môn</span></p>\n<p style="text-align:start;"><span style="color: rgb(0,0,0);background-color: rgb(255,255,255);font-size: 14px;font-family: Lexend, -apple-system, BlinkMacSystemFont, "Segoe UI", Roboto, "Helvetica Neue", Arial, "Noto Sans", "Liberation Sans", sans-serif, "Apple Color Emoji", "Segoe UI Emoji", "Segoe UI Symbol", "Noto Color Emoji;">- Thành thạo tiếng Anh là một lợi thế.</span>&nbsp;</p>', '<p style="text-align:start;"><span style="color: rgb(0,0,0);background-color: rgb(255,255,255);font-size: 14px;font-family: Lexend, -apple-system, BlinkMacSystemFont, "Segoe UI", Roboto, "Helvetica Neue", Arial, "Noto Sans", "Liberation Sans", sans-serif, "Apple Color Emoji", "Segoe UI Emoji", "Segoe UI Symbol", "Noto Color Emoji;">- Thu nhập: Lương (cạnh tranh) + Hoa hồng theo KPI dự án</span></p>\n<p style="text-align:start;"><span style="color: rgb(0,0,0);background-color: rgb(255,255,255);font-size: 14px;font-family: Lexend, -apple-system, BlinkMacSystemFont, "Segoe UI", Roboto, "Helvetica Neue", Arial, "Noto Sans", "Liberation Sans", sans-serif, "Apple Color Emoji", "Segoe UI Emoji", "Segoe UI Symbol", "Noto Color Emoji;">- Bảo hiểm Xã hội</span></p>\n<p style="text-align:start;"><span style="color: rgb(0,0,0);background-color: rgb(255,255,255);font-size: 14px;font-family: Lexend, -apple-system, BlinkMacSystemFont, "Segoe UI", Roboto, "Helvetica Neue", Arial, "Noto Sans", "Liberation Sans", sans-serif, "Apple Color Emoji", "Segoe UI Emoji", "Segoe UI Symbol", "Noto Color Emoji;">- Du lịch 01 năm/lần</span></p>\n<p style="text-align:start;"><span style="color: rgb(0,0,0);background-color: rgb(255,255,255);font-size: 14px;font-family: Lexend, -apple-system, BlinkMacSystemFont, "Segoe UI", Roboto, "Helvetica Neue", Arial, "Noto Sans", "Liberation Sans", sans-serif, "Apple Color Emoji", "Segoe UI Emoji", "Segoe UI Symbol", "Noto Color Emoji;">- Môi trường làm việc trẻ, năng động, hòa đồng và có cơ hội phát triển sự nghiệp</span>&nbsp;</p>', 3, 2, 4, 2, 1, 12000000, 15000000, 0, 0, 'Bùi Khánh Huy', '0888425094', 'khuy220@gmail.com', 1, 6, 3, 37, 0, 0),
	(4, '2023-03-28 18:42:03.899084', '2023-03-28 18:42:03.899084', 'Kỹ Sư Điện Tử Viễn Thông Không Yêu Cầu Kinh Nghiệm (Đi Làm Ngay)', 'ky-su-ien-tu-vien-thong-khong-yeu-cau-kinh-nghiem', '2023-04-07', 5, 'O', '<p style="text-align:start;"><span style="color: rgb(0,0,0);background-color: rgb(255,255,255);font-size: 14px;font-family: Lexend, -apple-system, BlinkMacSystemFont, "Segoe UI", Roboto, "Helvetica Neue", Arial, "Noto Sans", "Liberation Sans", sans-serif, "Apple Color Emoji", "Segoe UI Emoji", "Segoe UI Symbol", "Noto Color Emoji;">+ Khảo sát, Thiết kế, lập dự án mạng ngoại vi, hệ thống thiết bị viễn thông, truyền hình cho VNPT, VTV, VOV, nhà mạng Vinaphone, viettel, mobilefone.... </span></p>\n<p style="text-align:start;"><span style="color: rgb(0,0,0);background-color: rgb(255,255,255);font-size: 14px;font-family: Lexend, -apple-system, BlinkMacSystemFont, "Segoe UI", Roboto, "Helvetica Neue", Arial, "Noto Sans", "Liberation Sans", sans-serif, "Apple Color Emoji", "Segoe UI Emoji", "Segoe UI Symbol", "Noto Color Emoji;">+ Thiết kế mạng ngoại vi viễn thông (Lập bản vẽ thiết kế bằng phần mềm Autocad);</span></p>\n<p style="text-align:start;"><span style="color: rgb(0,0,0);background-color: rgb(255,255,255);font-size: 14px;font-family: Lexend, -apple-system, BlinkMacSystemFont, "Segoe UI", Roboto, "Helvetica Neue", Arial, "Noto Sans", "Liberation Sans", sans-serif, "Apple Color Emoji", "Segoe UI Emoji", "Segoe UI Symbol", "Noto Color Emoji;">+ Lập dự toán, dự án các công trình xây dựng, viễn thông, phát thanh truyền hình </span>&nbsp;</p>', '<p style="text-align:start;"><span style="color: rgb(0,0,0);background-color: rgb(255,255,255);font-size: 14px;font-family: Lexend, -apple-system, BlinkMacSystemFont, "Segoe UI", Roboto, "Helvetica Neue", Arial, "Noto Sans", "Liberation Sans", sans-serif, "Apple Color Emoji", "Segoe UI Emoji", "Segoe UI Symbol", "Noto Color Emoji;">+ Tốt nghiệp từ Cao đẳng, Đại học chuyên ngành kỹ sư điện tử viễn thông</span></p>\n<p style="text-align:start;"><span style="color: rgb(0,0,0);background-color: rgb(255,255,255);font-size: 14px;font-family: Lexend, -apple-system, BlinkMacSystemFont, "Segoe UI", Roboto, "Helvetica Neue", Arial, "Noto Sans", "Liberation Sans", sans-serif, "Apple Color Emoji", "Segoe UI Emoji", "Segoe UI Symbol", "Noto Color Emoji;">+ Sử dụng thành thạo các phần mềm Word, Excel, Autocad (Biết sử dụng các phần mềm lập dự toán như G8, F1 là một lợi thế)</span></p>\n<p style="text-align:start;"><span style="color: rgb(0,0,0);background-color: rgb(255,255,255);font-size: 14px;font-family: Lexend, -apple-system, BlinkMacSystemFont, "Segoe UI", Roboto, "Helvetica Neue", Arial, "Noto Sans", "Liberation Sans", sans-serif, "Apple Color Emoji", "Segoe UI Emoji", "Segoe UI Symbol", "Noto Color Emoji;">+ Chấp nhận sinh viên mới ra trường, hoặc kinh nghiệm trên 1 năm</span></p>\n<p style="text-align:start;"><span style="color: rgb(0,0,0);background-color: rgb(255,255,255);font-size: 14px;font-family: Lexend, -apple-system, BlinkMacSystemFont, "Segoe UI", Roboto, "Helvetica Neue", Arial, "Noto Sans", "Liberation Sans", sans-serif, "Apple Color Emoji", "Segoe UI Emoji", "Segoe UI Symbol", "Noto Color Emoji;">+ Ưu tiên người có kinh nghiệm trong thiết kế kết mạng ngoại vi và lập dự án các công trình viễn thông, phát thanh truyền hình.</span>&nbsp;</p>', '<p style="text-align:start;"><span style="color: rgb(0,0,0);background-color: rgb(255,255,255);font-size: 14px;font-family: Lexend, -apple-system, BlinkMacSystemFont, "Segoe UI", Roboto, "Helvetica Neue", Arial, "Noto Sans", "Liberation Sans", sans-serif, "Apple Color Emoji", "Segoe UI Emoji", "Segoe UI Symbol", "Noto Color Emoji;">+ Mức lương: 7 -12 Triệu ( Tùy theo năng lực của ứng viên)</span></p>\n<p style="text-align:start;"><span style="color: rgb(0,0,0);background-color: rgb(255,255,255);font-size: 14px;font-family: Lexend, -apple-system, BlinkMacSystemFont, "Segoe UI", Roboto, "Helvetica Neue", Arial, "Noto Sans", "Liberation Sans", sans-serif, "Apple Color Emoji", "Segoe UI Emoji", "Segoe UI Symbol", "Noto Color Emoji;">+ Được hưởng mức lương cạnh tranh xứng đáng với năng lực và chế độ đãi ngộ đặc biệt theo chức danh đảm nhiệm;</span></p>\n<p style="text-align:start;"><span style="color: rgb(0,0,0);background-color: rgb(255,255,255);font-size: 14px;font-family: Lexend, -apple-system, BlinkMacSystemFont, "Segoe UI", Roboto, "Helvetica Neue", Arial, "Noto Sans", "Liberation Sans", sans-serif, "Apple Color Emoji", "Segoe UI Emoji", "Segoe UI Symbol", "Noto Color Emoji;">+ Được hưởng đầy đủ chế độ BHXH, BHYT, BHTN và chế độ thưởng, ngày nghỉ theo luật lao động hiện hành và quy định của Công ty.. </span></p>\n<p style="text-align:start;"><span style="color: rgb(0,0,0);background-color: rgb(255,255,255);font-size: 14px;font-family: Lexend, -apple-system, BlinkMacSystemFont, "Segoe UI", Roboto, "Helvetica Neue", Arial, "Noto Sans", "Liberation Sans", sans-serif, "Apple Color Emoji", "Segoe UI Emoji", "Segoe UI Symbol", "Noto Color Emoji;">+ Chưa có kinh nghiệm sẽ được đào tạo.</span></p>\n<p style="text-align:start;"><span style="color: rgb(0,0,0);background-color: rgb(255,255,255);font-size: 14px;font-family: Lexend, -apple-system, BlinkMacSystemFont, "Segoe UI", Roboto, "Helvetica Neue", Arial, "Noto Sans", "Liberation Sans", sans-serif, "Apple Color Emoji", "Segoe UI Emoji", "Segoe UI Symbol", "Noto Color Emoji;">+ Chế độ tăng lương hàng năm;</span></p>\n<p style="text-align:start;"><span style="color: rgb(0,0,0);background-color: rgb(255,255,255);font-size: 14px;font-family: Lexend, -apple-system, BlinkMacSystemFont, "Segoe UI", Roboto, "Helvetica Neue", Arial, "Noto Sans", "Liberation Sans", sans-serif, "Apple Color Emoji", "Segoe UI Emoji", "Segoe UI Symbol", "Noto Color Emoji;">+ Môi trường làm việc chuyên nghiệp năng động, hòa đồng</span></p>\n<p style="text-align:start;"><span style="color: rgb(0,0,0);background-color: rgb(255,255,255);font-size: 14px;font-family: Lexend, -apple-system, BlinkMacSystemFont, "Segoe UI", Roboto, "Helvetica Neue", Arial, "Noto Sans", "Liberation Sans", sans-serif, "Apple Color Emoji", "Segoe UI Emoji", "Segoe UI Symbol", "Noto Color Emoji;">+ Cam kết công việc ổn định, gắn bó lâu dài với công ty</span></p>\n<p style="text-align:start;"><span style="color: rgb(0,0,0);background-color: rgb(255,255,255);font-size: 14px;font-family: Lexend, -apple-system, BlinkMacSystemFont, "Segoe UI", Roboto, "Helvetica Neue", Arial, "Noto Sans", "Liberation Sans", sans-serif, "Apple Color Emoji", "Segoe UI Emoji", "Segoe UI Symbol", "Noto Color Emoji;">+ Có nhiều cơ hội thăng tiến trong công việc</span></p>\n<p style="text-align:start;"><span style="color: rgb(0,0,0);background-color: rgb(255,255,255);font-size: 14px;font-family: Lexend, -apple-system, BlinkMacSystemFont, "Segoe UI", Roboto, "Helvetica Neue", Arial, "Noto Sans", "Liberation Sans", sans-serif, "Apple Color Emoji", "Segoe UI Emoji", "Segoe UI Symbol", "Noto Color Emoji;">+ Cụ thể sẽ được trao đổi thêm trong quá trình phỏng vấn</span>&nbsp;</p>', 3, 2, 1, 3, 1, 7000000, 12000000, 0, 1, 'Bùi Khánh Huy', '0888425094', 'khuy220@gmail.com', 1, 7, 3, 36, 0, 0),
	(5, '2023-03-29 01:24:06.491983', '2023-03-29 01:24:06.491983', 'Trưởng Nhóm Thu Hồi Nợ Trực Tiếp', 'truong-nhom-thu-hoi-no-truc-tiep', '2023-05-15', 10, 'O', '<ul>\n<li><span style="color: rgb(0,0,0);background-color: rgb(255,255,255);font-size: 14px;font-family: Lexend, -apple-system, BlinkMacSystemFont, "Segoe UI", Roboto, "Helvetica Neue", Arial, "Noto Sans", "Liberation Sans", sans-serif, "Apple Color Emoji", "Segoe UI Emoji", "Segoe UI Symbol", "Noto Color Emoji;">Quản lý, triển khai và giám sát công tác thu hồi các khoản nợ của Nhóm/ Bộ phận được giao phụ trách</span></li>\n<li><span style="color: rgb(0,0,0);background-color: rgb(255,255,255);font-size: 14px;font-family: Lexend, -apple-system, BlinkMacSystemFont, "Segoe UI", Roboto, "Helvetica Neue", Arial, "Noto Sans", "Liberation Sans", sans-serif, "Apple Color Emoji", "Segoe UI Emoji", "Segoe UI Symbol", "Noto Color Emoji;">Hỗ trợ visit khách hàng với Field và các công việc khác trong quá trình thu hồi nợ; Đánh giá visit của các Field; tổ chức, tham gia đào tạo huấn luyện CBNV.</span></li>\n<li><span style="color: rgb(0,0,0);background-color: rgb(255,255,255);font-size: 14px;font-family: Lexend, -apple-system, BlinkMacSystemFont, "Segoe UI", Roboto, "Helvetica Neue", Arial, "Noto Sans", "Liberation Sans", sans-serif, "Apple Color Emoji", "Segoe UI Emoji", "Segoe UI Symbol", "Noto Color Emoji;">Chủ động tham gia đóng góp ý kiến về quy trình, phần mềm .. liên quan đến công tác thu hồi nợ; cập nhật thường xuyên các vấn đề mới liên quan đến việc đôn đốc thu hồi nợ nhằm cải tiến quy trình giúp thu hồi nợ hiệu quả hơn.</span></li>\n<li><span style="color: rgb(0,0,0);background-color: rgb(255,255,255);font-size: 14px;font-family: Lexend, -apple-system, BlinkMacSystemFont, "Segoe UI", Roboto, "Helvetica Neue", Arial, "Noto Sans", "Liberation Sans", sans-serif, "Apple Color Emoji", "Segoe UI Emoji", "Segoe UI Symbol", "Noto Color Emoji;">Lập báo cáo định kỳ và đột xuất theo yêu cầu của trưởng phòng/cấp có thẩm quyền.</span></li>\n<li><span style="color: rgb(0,0,0);background-color: rgb(255,255,255);font-size: 14px;font-family: Lexend, -apple-system, BlinkMacSystemFont, "Segoe UI", Roboto, "Helvetica Neue", Arial, "Noto Sans", "Liberation Sans", sans-serif, "Apple Color Emoji", "Segoe UI Emoji", "Segoe UI Symbol", "Noto Color Emoji;">Các công việc khác theo yêu cầu của Cấp có thẩm quyền</span>&nbsp;</li>\n</ul>', '<p style="text-align:start;"><span style="color: rgb(0,0,0);background-color: rgb(255,255,255);font-size: 14px;font-family: Lexend, -apple-system, BlinkMacSystemFont, "Segoe UI", Roboto, "Helvetica Neue", Arial, "Noto Sans", "Liberation Sans", sans-serif, "Apple Color Emoji", "Segoe UI Emoji", "Segoe UI Symbol", "Noto Color Emoji;">Bằng cấp và chuyên ngành: Đại học</span></p>\n<p style="text-align:start;"><span style="color: rgb(0,0,0);background-color: rgb(255,255,255);font-size: 14px;font-family: Lexend, -apple-system, BlinkMacSystemFont, "Segoe UI", Roboto, "Helvetica Neue", Arial, "Noto Sans", "Liberation Sans", sans-serif, "Apple Color Emoji", "Segoe UI Emoji", "Segoe UI Symbol", "Noto Color Emoji;">Chuyên ngành: Luật/Tài chính Ngân hàng/Kinh tế hoặc lĩnh vực liên quan.</span></p>\n<p style="text-align:start;"><span style="color: rgb(0,0,0);background-color: rgb(255,255,255);font-size: 14px;font-family: Lexend, -apple-system, BlinkMacSystemFont, "Segoe UI", Roboto, "Helvetica Neue", Arial, "Noto Sans", "Liberation Sans", sans-serif, "Apple Color Emoji", "Segoe UI Emoji", "Segoe UI Symbol", "Noto Color Emoji;">Có kinh nghiệm làm việc từ 3 năm trở lên tại các Ngân hàng/Tổ chức tín dụng nước ngoài hoặc các Ngân hàng có trình độ phát triển tương đương hoặc hơn TPBank.</span></p>\n<p style="text-align:start;"><span style="color: rgb(0,0,0);background-color: rgb(255,255,255);font-size: 14px;font-family: Lexend, -apple-system, BlinkMacSystemFont, "Segoe UI", Roboto, "Helvetica Neue", Arial, "Noto Sans", "Liberation Sans", sans-serif, "Apple Color Emoji", "Segoe UI Emoji", "Segoe UI Symbol", "Noto Color Emoji;">Yêu cầu khác: Tin học: Thành thạo sử dụng các phần mềm VP</span></p>\n<ul>\n<li><span style="color: rgb(0,0,0);background-color: rgb(255,255,255);font-size: 14px;font-family: Lexend, -apple-system, BlinkMacSystemFont, "Segoe UI", Roboto, "Helvetica Neue", Arial, "Noto Sans", "Liberation Sans", sans-serif, "Apple Color Emoji", "Segoe UI Emoji", "Segoe UI Symbol", "Noto Color Emoji;">Kỹ năng:</span></li>\n</ul>\n<p style="text-align:start;"><span style="color: rgb(0,0,0);background-color: rgb(255,255,255);font-size: 14px;font-family: Lexend, -apple-system, BlinkMacSystemFont, "Segoe UI", Roboto, "Helvetica Neue", Arial, "Noto Sans", "Liberation Sans", sans-serif, "Apple Color Emoji", "Segoe UI Emoji", "Segoe UI Symbol", "Noto Color Emoji;">Kỹ năng giao tiếp (trực tiếp và bằng văn bản) tốt</span></p>\n<p style="text-align:start;"><span style="color: rgb(0,0,0);background-color: rgb(255,255,255);font-size: 14px;font-family: Lexend, -apple-system, BlinkMacSystemFont, "Segoe UI", Roboto, "Helvetica Neue", Arial, "Noto Sans", "Liberation Sans", sans-serif, "Apple Color Emoji", "Segoe UI Emoji", "Segoe UI Symbol", "Noto Color Emoji;">Khả năng thuyết phục trong các tình huống áp lực</span></p>\n<p style="text-align:start;"><span style="color: rgb(0,0,0);background-color: rgb(255,255,255);font-size: 14px;font-family: Lexend, -apple-system, BlinkMacSystemFont, "Segoe UI", Roboto, "Helvetica Neue", Arial, "Noto Sans", "Liberation Sans", sans-serif, "Apple Color Emoji", "Segoe UI Emoji", "Segoe UI Symbol", "Noto Color Emoji;">Kỹ năng quản lý thời gian và quản lý đội, nhóm</span>&nbsp;</p>', '<ul>\n<li><span style="color: rgb(0,0,0);background-color: rgb(255,255,255);font-size: 14px;font-family: Lexend, -apple-system, BlinkMacSystemFont, "Segoe UI", Roboto, "Helvetica Neue", Arial, "Noto Sans", "Liberation Sans", sans-serif, "Apple Color Emoji", "Segoe UI Emoji", "Segoe UI Symbol", "Noto Color Emoji;">Mức lương cạnh tranh</span></li>\n<li><span style="color: rgb(0,0,0);background-color: rgb(255,255,255);font-size: 14px;font-family: Lexend, -apple-system, BlinkMacSystemFont, "Segoe UI", Roboto, "Helvetica Neue", Arial, "Noto Sans", "Liberation Sans", sans-serif, "Apple Color Emoji", "Segoe UI Emoji", "Segoe UI Symbol", "Noto Color Emoji;">Môi trường làm việc chuyên nghiệp, năng động</span></li>\n<li><span style="color: rgb(0,0,0);background-color: rgb(255,255,255);font-size: 14px;font-family: Lexend, -apple-system, BlinkMacSystemFont, "Segoe UI", Roboto, "Helvetica Neue", Arial, "Noto Sans", "Liberation Sans", sans-serif, "Apple Color Emoji", "Segoe UI Emoji", "Segoe UI Symbol", "Noto Color Emoji;">Cơ hội thăng tiến, đào tạo chuyên sâu</span>&nbsp;</li>\n</ul>', 3, 2, 2, 2, 1, 18000000, 20000000, 0, 1, 'Thu Trang', '0895636598', 'thutrang@gmail.com', 2, 9, 6, 7, 0, 0);

-- Dumping structure for table myjob_db.myjob_job_job_post_activity
CREATE TABLE IF NOT EXISTS `myjob_job_job_post_activity` (
  `id` bigint NOT NULL AUTO_INCREMENT,
  `create_at` datetime(6) NOT NULL,
  `update_at` datetime(6) NOT NULL,
  `job_post_id` bigint NOT NULL,
  `user_id` bigint NOT NULL,
  PRIMARY KEY (`id`),
  KEY `myjob_job_job_post_a_job_post_id_d8eef3fa_fk_myjob_job` (`job_post_id`),
  KEY `myjob_job_job_post_a_user_id_62e8a058_fk_myjob_aut` (`user_id`),
  CONSTRAINT `myjob_job_job_post_a_job_post_id_d8eef3fa_fk_myjob_job` FOREIGN KEY (`job_post_id`) REFERENCES `myjob_job_job_post` (`id`),
  CONSTRAINT `myjob_job_job_post_a_user_id_62e8a058_fk_myjob_aut` FOREIGN KEY (`user_id`) REFERENCES `myjob_authentication_user` (`id`)
) ENGINE=InnoDB DEFAULT CHARSET=utf8mb4 COLLATE=utf8mb4_unicode_ci;

-- Dumping data for table myjob_db.myjob_job_job_post_activity: ~0 rows (approximately)
DELETE FROM `myjob_job_job_post_activity`;

-- Dumping structure for table myjob_db.myjob_job_saved_job_post
CREATE TABLE IF NOT EXISTS `myjob_job_saved_job_post` (
  `id` bigint NOT NULL AUTO_INCREMENT,
  `create_at` datetime(6) NOT NULL,
  `update_at` datetime(6) NOT NULL,
  `job_post_id` bigint NOT NULL,
  `user_id` bigint NOT NULL,
  PRIMARY KEY (`id`),
  KEY `myjob_job_saved_job__job_post_id_16d577af_fk_myjob_job` (`job_post_id`),
  KEY `myjob_job_saved_job__user_id_ac588653_fk_myjob_aut` (`user_id`),
  CONSTRAINT `myjob_job_saved_job__job_post_id_16d577af_fk_myjob_job` FOREIGN KEY (`job_post_id`) REFERENCES `myjob_job_job_post` (`id`),
  CONSTRAINT `myjob_job_saved_job__user_id_ac588653_fk_myjob_aut` FOREIGN KEY (`user_id`) REFERENCES `myjob_authentication_user` (`id`)
) ENGINE=InnoDB DEFAULT CHARSET=utf8mb4 COLLATE=utf8mb4_unicode_ci;

-- Dumping data for table myjob_db.myjob_job_saved_job_post: ~0 rows (approximately)
DELETE FROM `myjob_job_saved_job_post`;

-- Dumping structure for table myjob_db.myjob_myjob_feedback
CREATE TABLE IF NOT EXISTS `myjob_myjob_feedback` (
  `id` bigint NOT NULL AUTO_INCREMENT,
  `create_at` datetime(6) NOT NULL,
  `update_at` datetime(6) NOT NULL,
  `content` varchar(500) COLLATE utf8mb4_unicode_ci NOT NULL,
  `rating` smallint NOT NULL,
  `is_active` tinyint(1) NOT NULL,
  `user_id` bigint NOT NULL,
  PRIMARY KEY (`id`),
  KEY `myjob_myjob_feedback_user_id_bdd9dacd_fk_myjob_aut` (`user_id`),
  CONSTRAINT `myjob_myjob_feedback_user_id_bdd9dacd_fk_myjob_aut` FOREIGN KEY (`user_id`) REFERENCES `myjob_authentication_user` (`id`)
) ENGINE=InnoDB AUTO_INCREMENT=4 DEFAULT CHARSET=utf8mb4 COLLATE=utf8mb4_unicode_ci;

-- Dumping data for table myjob_db.myjob_myjob_feedback: ~0 rows (approximately)
DELETE FROM `myjob_myjob_feedback`;
INSERT INTO `myjob_myjob_feedback` (`id`, `create_at`, `update_at`, `content`, `rating`, `is_active`, `user_id`) VALUES
	(1, '2023-03-29 02:32:34.000000', '2023-03-29 02:32:34.000000', 'Tôi rất hài lòng với web MyJob! Tôi nhận được phản hồi từ các NTD rất nhanh. Giao diện mới giúp tôi thực hiện các thao tác dễ dàng hơn và tôi đã nhận được nhiều lời mời phỏng vấn từ các công ty lớn', 5, 1, 2),
	(2, '2023-03-29 02:32:34.000000', '2023-03-29 02:32:34.000000', 'MyJob đã làm rất tốt và tôi chắc chắn giới thiệu app tìm việc này tới bạn bè của tôi. Nhân viên làm việc rất chuyên nghiệp. Tôi được hướng dẫn chi tiết từ A-Z', 5, 1, 4),
	(3, '2023-03-29 02:32:34.000000', '2023-03-29 02:32:34.000000', 'MyJob giúp em tìm thấy công việc phù hợp với mình thông qua các đề xuất được cập nhật qua email mỗi ngày. Em đã tìm thấy nhiều cơ hội thực tập uy tín để xây dựng kinh nghiệm thực tế trong lĩnh vực Marketing mà mình yêu thích', 5, 1, 5);

-- Dumping structure for table myjob_db.myjob_post_comment
CREATE TABLE IF NOT EXISTS `myjob_post_comment` (
  `id` bigint NOT NULL AUTO_INCREMENT,
  `create_at` datetime(6) NOT NULL,
  `update_at` datetime(6) NOT NULL,
  `content` varchar(255) COLLATE utf8mb4_unicode_ci NOT NULL,
  `post_id` bigint NOT NULL,
  `user_id` bigint NOT NULL,
  PRIMARY KEY (`id`),
  KEY `myjob_post_comment_post_id_0e38d108_fk_myjob_post_post_id` (`post_id`),
  KEY `myjob_post_comment_user_id_331b393d_fk_myjob_aut` (`user_id`),
  CONSTRAINT `myjob_post_comment_post_id_0e38d108_fk_myjob_post_post_id` FOREIGN KEY (`post_id`) REFERENCES `myjob_post_post` (`id`),
  CONSTRAINT `myjob_post_comment_user_id_331b393d_fk_myjob_aut` FOREIGN KEY (`user_id`) REFERENCES `myjob_authentication_user` (`id`)
) ENGINE=InnoDB DEFAULT CHARSET=utf8mb4 COLLATE=utf8mb4_unicode_ci;

-- Dumping data for table myjob_db.myjob_post_comment: ~0 rows (approximately)
DELETE FROM `myjob_post_comment`;

-- Dumping structure for table myjob_db.myjob_post_like
CREATE TABLE IF NOT EXISTS `myjob_post_like` (
  `id` bigint NOT NULL AUTO_INCREMENT,
  `create_at` datetime(6) NOT NULL,
  `update_at` datetime(6) NOT NULL,
  `is_like` tinyint(1) NOT NULL,
  `post_id` bigint NOT NULL,
  `user_id` bigint NOT NULL,
  PRIMARY KEY (`id`),
  KEY `myjob_post_like_post_id_7d8c2013_fk_myjob_post_post_id` (`post_id`),
  KEY `myjob_post_like_user_id_118d7ce7_fk_myjob_authentication_user_id` (`user_id`),
  CONSTRAINT `myjob_post_like_post_id_7d8c2013_fk_myjob_post_post_id` FOREIGN KEY (`post_id`) REFERENCES `myjob_post_post` (`id`),
  CONSTRAINT `myjob_post_like_user_id_118d7ce7_fk_myjob_authentication_user_id` FOREIGN KEY (`user_id`) REFERENCES `myjob_authentication_user` (`id`)
) ENGINE=InnoDB DEFAULT CHARSET=utf8mb4 COLLATE=utf8mb4_unicode_ci;

-- Dumping data for table myjob_db.myjob_post_like: ~0 rows (approximately)
DELETE FROM `myjob_post_like`;

-- Dumping structure for table myjob_db.myjob_post_post
CREATE TABLE IF NOT EXISTS `myjob_post_post` (
  `id` bigint NOT NULL AUTO_INCREMENT,
  `create_at` datetime(6) NOT NULL,
  `update_at` datetime(6) NOT NULL,
  `title` varchar(200) COLLATE utf8mb4_unicode_ci NOT NULL,
  `description` longtext COLLATE utf8mb4_unicode_ci NOT NULL,
  `author_id` bigint NOT NULL,
  PRIMARY KEY (`id`),
  KEY `myjob_post_post_author_id_10a6e4df_fk_myjob_aut` (`author_id`),
  CONSTRAINT `myjob_post_post_author_id_10a6e4df_fk_myjob_aut` FOREIGN KEY (`author_id`) REFERENCES `myjob_authentication_user` (`id`)
) ENGINE=InnoDB DEFAULT CHARSET=utf8mb4 COLLATE=utf8mb4_unicode_ci;

-- Dumping data for table myjob_db.myjob_post_post: ~0 rows (approximately)
DELETE FROM `myjob_post_post`;

-- Dumping structure for table myjob_db.myjob_post_saved_post
CREATE TABLE IF NOT EXISTS `myjob_post_saved_post` (
  `id` bigint NOT NULL AUTO_INCREMENT,
  `create_at` datetime(6) NOT NULL,
  `update_at` datetime(6) NOT NULL,
  `post_id` bigint NOT NULL,
  `user_id` bigint NOT NULL,
  PRIMARY KEY (`id`),
  KEY `myjob_post_saved_post_post_id_c88de96c_fk_myjob_post_post_id` (`post_id`),
  KEY `myjob_post_saved_pos_user_id_97f3ea90_fk_myjob_aut` (`user_id`),
  CONSTRAINT `myjob_post_saved_pos_user_id_97f3ea90_fk_myjob_aut` FOREIGN KEY (`user_id`) REFERENCES `myjob_authentication_user` (`id`),
  CONSTRAINT `myjob_post_saved_post_post_id_c88de96c_fk_myjob_post_post_id` FOREIGN KEY (`post_id`) REFERENCES `myjob_post_post` (`id`)
) ENGINE=InnoDB DEFAULT CHARSET=utf8mb4 COLLATE=utf8mb4_unicode_ci;

-- Dumping data for table myjob_db.myjob_post_saved_post: ~0 rows (approximately)
DELETE FROM `myjob_post_saved_post`;

-- Dumping structure for table myjob_db.oauth2_provider_accesstoken
CREATE TABLE IF NOT EXISTS `oauth2_provider_accesstoken` (
  `id` bigint NOT NULL AUTO_INCREMENT,
  `token` varchar(255) COLLATE utf8mb4_unicode_ci NOT NULL,
  `expires` datetime(6) NOT NULL,
  `scope` longtext COLLATE utf8mb4_unicode_ci NOT NULL,
  `application_id` bigint DEFAULT NULL,
  `user_id` bigint DEFAULT NULL,
  `created` datetime(6) NOT NULL,
  `updated` datetime(6) NOT NULL,
  `source_refresh_token_id` bigint DEFAULT NULL,
  `id_token_id` bigint DEFAULT NULL,
  PRIMARY KEY (`id`),
  UNIQUE KEY `token` (`token`),
  UNIQUE KEY `source_refresh_token_id` (`source_refresh_token_id`),
  UNIQUE KEY `id_token_id` (`id_token_id`),
  KEY `oauth2_provider_acce_application_id_b22886e1_fk_oauth2_pr` (`application_id`),
  KEY `oauth2_provider_acce_user_id_6e4c9a65_fk_myjob_aut` (`user_id`),
  CONSTRAINT `oauth2_provider_acce_application_id_b22886e1_fk_oauth2_pr` FOREIGN KEY (`application_id`) REFERENCES `oauth2_provider_application` (`id`),
  CONSTRAINT `oauth2_provider_acce_id_token_id_85db651b_fk_oauth2_pr` FOREIGN KEY (`id_token_id`) REFERENCES `oauth2_provider_idtoken` (`id`),
  CONSTRAINT `oauth2_provider_acce_source_refresh_token_e66fbc72_fk_oauth2_pr` FOREIGN KEY (`source_refresh_token_id`) REFERENCES `oauth2_provider_refreshtoken` (`id`),
  CONSTRAINT `oauth2_provider_acce_user_id_6e4c9a65_fk_myjob_aut` FOREIGN KEY (`user_id`) REFERENCES `myjob_authentication_user` (`id`)
) ENGINE=InnoDB AUTO_INCREMENT=56 DEFAULT CHARSET=utf8mb4 COLLATE=utf8mb4_unicode_ci;

-- Dumping data for table myjob_db.oauth2_provider_accesstoken: ~12 rows (approximately)
DELETE FROM `oauth2_provider_accesstoken`;
INSERT INTO `oauth2_provider_accesstoken` (`id`, `token`, `expires`, `scope`, `application_id`, `user_id`, `created`, `updated`, `source_refresh_token_id`, `id_token_id`) VALUES
	(1, 'J6K2A3F4PhgPcOmND7cJcduGhnZKhn', '2023-03-22 09:59:31.201283', 'read write', 1, 2, '2023-03-21 21:59:31.202281', '2023-03-21 21:59:31.202281', NULL, NULL),
	(2, 'u815OdlVmuv7IFglMZnFucvs9MfOFt', '2023-03-22 11:05:15.223345', 'read write', 1, 3, '2023-03-21 23:05:15.223345', '2023-03-21 23:05:15.223345', NULL, NULL),
	(8, 'EGwtQgSTL5vPWglrhIZtquSU8Nix8l', '2023-03-23 01:09:11.292755', 'read write', 1, 2, '2023-03-22 13:09:11.292755', '2023-03-22 13:09:11.292755', NULL, NULL),
	(14, '40cLvj81Ls3iZv8yK6cWsfYngmVwIf', '2023-03-23 08:56:24.767793', 'read write', 1, 2, '2023-03-22 20:56:24.768794', '2023-03-22 20:56:24.768794', NULL, NULL),
	(15, 'LONxj6y1jFt0hYFReZNrqwHODCUolQ', '2023-03-23 12:01:43.953356', 'read write', 1, 2, '2023-03-23 00:01:43.954354', '2023-03-23 00:01:43.954354', NULL, NULL),
	(16, 'GjjmWVbY25qMFJPKF8zcR5hSLK64wz', '2023-03-24 06:51:15.008798', 'read write', 1, 2, '2023-03-23 18:51:15.009798', '2023-03-23 18:51:15.009798', NULL, NULL),
	(17, 'Pz4cuc5Lew76ytZF0TZj3dayC6zQI5', '2023-03-24 09:31:51.253241', 'read write', 1, 2, '2023-03-23 21:31:51.253241', '2023-03-23 21:31:51.253241', NULL, NULL),
	(26, 'GoSszTMWgblXfkvrrnNOQwtgckKHwh', '2023-03-25 13:29:01.696722', 'read write', 1, 2, '2023-03-25 01:29:01.696722', '2023-03-25 01:29:01.696722', NULL, NULL),
	(29, 'CMXz0lk95StMtQ0OgD0n1Vk1CpFhzy', '2023-03-26 12:39:33.417955', 'read write', 1, 2, '2023-03-26 00:39:33.418958', '2023-03-26 00:39:33.418958', NULL, NULL),
	(30, 'BM2unNkN6OnnP1usPXkrjKjcfKMjVe', '2023-03-27 00:44:42.165633', 'read write', 1, 2, '2023-03-26 12:44:42.166599', '2023-03-26 12:44:42.166599', NULL, NULL),
	(41, 'ckx2iY5ESAVS15VpGfjbstO2yKHHUY', '2023-03-28 06:42:23.500270', 'read write', 1, 3, '2023-03-27 18:42:23.500270', '2023-03-27 18:42:23.500270', NULL, NULL),
	(55, 'BSeFXfGxGGe2wvke2A4uv2NErVHVzx', '2023-03-29 23:55:28.673051', 'read write', 1, 2, '2023-03-29 11:55:28.673869', '2023-03-29 11:55:28.673869', NULL, NULL);

-- Dumping structure for table myjob_db.oauth2_provider_application
CREATE TABLE IF NOT EXISTS `oauth2_provider_application` (
  `id` bigint NOT NULL AUTO_INCREMENT,
  `client_id` varchar(100) COLLATE utf8mb4_unicode_ci NOT NULL,
  `redirect_uris` longtext COLLATE utf8mb4_unicode_ci NOT NULL,
  `client_type` varchar(32) COLLATE utf8mb4_unicode_ci NOT NULL,
  `authorization_grant_type` varchar(32) COLLATE utf8mb4_unicode_ci NOT NULL,
  `client_secret` varchar(255) COLLATE utf8mb4_unicode_ci NOT NULL,
  `name` varchar(255) COLLATE utf8mb4_unicode_ci NOT NULL,
  `user_id` bigint DEFAULT NULL,
  `skip_authorization` tinyint(1) NOT NULL,
  `created` datetime(6) NOT NULL,
  `updated` datetime(6) NOT NULL,
  `algorithm` varchar(5) COLLATE utf8mb4_unicode_ci NOT NULL,
  PRIMARY KEY (`id`),
  UNIQUE KEY `client_id` (`client_id`),
  KEY `oauth2_provider_appl_user_id_79829054_fk_myjob_aut` (`user_id`),
  KEY `oauth2_provider_application_client_secret_53133678` (`client_secret`),
  CONSTRAINT `oauth2_provider_appl_user_id_79829054_fk_myjob_aut` FOREIGN KEY (`user_id`) REFERENCES `myjob_authentication_user` (`id`)
) ENGINE=InnoDB AUTO_INCREMENT=2 DEFAULT CHARSET=utf8mb4 COLLATE=utf8mb4_unicode_ci;

-- Dumping data for table myjob_db.oauth2_provider_application: ~0 rows (approximately)
DELETE FROM `oauth2_provider_application`;
INSERT INTO `oauth2_provider_application` (`id`, `client_id`, `redirect_uris`, `client_type`, `authorization_grant_type`, `client_secret`, `name`, `user_id`, `skip_authorization`, `created`, `updated`, `algorithm`) VALUES
	(1, '0VdoWiB6AaDGv1OiQeRn5c3BOcxEDMv1t4o8eFTt', '', 'confidential', 'password', 'pbkdf2_sha256$390000$MIoZz494vUUY7vQkTcyeuG$SH6YziNoScWQw0wmf3jBx3sheb5zUIPdky3y11GPcFU=', 'Email', 1, 0, '2023-03-21 21:51:00.158179', '2023-03-21 21:51:00.158179', '');

-- Dumping structure for table myjob_db.oauth2_provider_grant
CREATE TABLE IF NOT EXISTS `oauth2_provider_grant` (
  `id` bigint NOT NULL AUTO_INCREMENT,
  `code` varchar(255) COLLATE utf8mb4_unicode_ci NOT NULL,
  `expires` datetime(6) NOT NULL,
  `redirect_uri` longtext COLLATE utf8mb4_unicode_ci NOT NULL,
  `scope` longtext COLLATE utf8mb4_unicode_ci NOT NULL,
  `application_id` bigint NOT NULL,
  `user_id` bigint NOT NULL,
  `created` datetime(6) NOT NULL,
  `updated` datetime(6) NOT NULL,
  `code_challenge` varchar(128) COLLATE utf8mb4_unicode_ci NOT NULL,
  `code_challenge_method` varchar(10) COLLATE utf8mb4_unicode_ci NOT NULL,
  `nonce` varchar(255) COLLATE utf8mb4_unicode_ci NOT NULL,
  `claims` longtext COLLATE utf8mb4_unicode_ci NOT NULL DEFAULT (_utf8mb3''),
  PRIMARY KEY (`id`),
  UNIQUE KEY `code` (`code`),
  KEY `oauth2_provider_gran_application_id_81923564_fk_oauth2_pr` (`application_id`),
  KEY `oauth2_provider_gran_user_id_e8f62af8_fk_myjob_aut` (`user_id`),
  CONSTRAINT `oauth2_provider_gran_application_id_81923564_fk_oauth2_pr` FOREIGN KEY (`application_id`) REFERENCES `oauth2_provider_application` (`id`),
  CONSTRAINT `oauth2_provider_gran_user_id_e8f62af8_fk_myjob_aut` FOREIGN KEY (`user_id`) REFERENCES `myjob_authentication_user` (`id`)
) ENGINE=InnoDB DEFAULT CHARSET=utf8mb4 COLLATE=utf8mb4_unicode_ci;

-- Dumping data for table myjob_db.oauth2_provider_grant: ~0 rows (approximately)
DELETE FROM `oauth2_provider_grant`;

-- Dumping structure for table myjob_db.oauth2_provider_idtoken
CREATE TABLE IF NOT EXISTS `oauth2_provider_idtoken` (
  `id` bigint NOT NULL AUTO_INCREMENT,
  `jti` char(32) COLLATE utf8mb4_unicode_ci NOT NULL,
  `expires` datetime(6) NOT NULL,
  `scope` longtext COLLATE utf8mb4_unicode_ci NOT NULL,
  `created` datetime(6) NOT NULL,
  `updated` datetime(6) NOT NULL,
  `application_id` bigint DEFAULT NULL,
  `user_id` bigint DEFAULT NULL,
  PRIMARY KEY (`id`),
  UNIQUE KEY `jti` (`jti`),
  KEY `oauth2_provider_idto_application_id_08c5ff4f_fk_oauth2_pr` (`application_id`),
  KEY `oauth2_provider_idto_user_id_dd512b59_fk_myjob_aut` (`user_id`),
  CONSTRAINT `oauth2_provider_idto_application_id_08c5ff4f_fk_oauth2_pr` FOREIGN KEY (`application_id`) REFERENCES `oauth2_provider_application` (`id`),
  CONSTRAINT `oauth2_provider_idto_user_id_dd512b59_fk_myjob_aut` FOREIGN KEY (`user_id`) REFERENCES `myjob_authentication_user` (`id`)
) ENGINE=InnoDB DEFAULT CHARSET=utf8mb4 COLLATE=utf8mb4_unicode_ci;

-- Dumping data for table myjob_db.oauth2_provider_idtoken: ~0 rows (approximately)
DELETE FROM `oauth2_provider_idtoken`;

-- Dumping structure for table myjob_db.oauth2_provider_refreshtoken
CREATE TABLE IF NOT EXISTS `oauth2_provider_refreshtoken` (
  `id` bigint NOT NULL AUTO_INCREMENT,
  `token` varchar(255) COLLATE utf8mb4_unicode_ci NOT NULL,
  `access_token_id` bigint DEFAULT NULL,
  `application_id` bigint NOT NULL,
  `user_id` bigint NOT NULL,
  `created` datetime(6) NOT NULL,
  `updated` datetime(6) NOT NULL,
  `revoked` datetime(6) DEFAULT NULL,
  PRIMARY KEY (`id`),
  UNIQUE KEY `access_token_id` (`access_token_id`),
  UNIQUE KEY `oauth2_provider_refreshtoken_token_revoked_af8a5134_uniq` (`token`,`revoked`),
  KEY `oauth2_provider_refr_application_id_2d1c311b_fk_oauth2_pr` (`application_id`),
  KEY `oauth2_provider_refr_user_id_da837fce_fk_myjob_aut` (`user_id`),
  CONSTRAINT `oauth2_provider_refr_access_token_id_775e84e8_fk_oauth2_pr` FOREIGN KEY (`access_token_id`) REFERENCES `oauth2_provider_accesstoken` (`id`),
  CONSTRAINT `oauth2_provider_refr_application_id_2d1c311b_fk_oauth2_pr` FOREIGN KEY (`application_id`) REFERENCES `oauth2_provider_application` (`id`),
  CONSTRAINT `oauth2_provider_refr_user_id_da837fce_fk_myjob_aut` FOREIGN KEY (`user_id`) REFERENCES `myjob_authentication_user` (`id`)
) ENGINE=InnoDB AUTO_INCREMENT=56 DEFAULT CHARSET=utf8mb4 COLLATE=utf8mb4_unicode_ci;

-- Dumping data for table myjob_db.oauth2_provider_refreshtoken: ~50 rows (approximately)
DELETE FROM `oauth2_provider_refreshtoken`;
INSERT INTO `oauth2_provider_refreshtoken` (`id`, `token`, `access_token_id`, `application_id`, `user_id`, `created`, `updated`, `revoked`) VALUES
	(1, 'NyCV7jTTjRJDcZTEtCURLXJKfN6GIM', 1, 1, 2, '2023-03-21 21:59:31.215598', '2023-03-21 21:59:31.215598', NULL),
	(2, 'Gwdkki62gvfXkK2gcNeRWqgvpLc2jQ', 2, 1, 3, '2023-03-21 23:05:15.225387', '2023-03-21 23:05:15.225387', NULL),
	(3, 'KwSXn2uGRGhswFkwxwHhTZm9WvtJOu', NULL, 1, 2, '2023-03-22 10:39:17.425460', '2023-03-22 10:39:17.425460', NULL),
	(4, 'YKowQz2cZPVbXgQJSufbWvxAXidksk', NULL, 1, 3, '2023-03-22 11:06:11.749252', '2023-03-22 11:06:11.749252', NULL),
	(5, 'bEDATr1I81y4h4CCTOt19P4FvP7WPb', NULL, 1, 2, '2023-03-22 11:09:42.745475', '2023-03-22 11:09:42.745475', NULL),
	(6, '1DmKoz2IFp9NiqX3IoWIjap21rsd6e', NULL, 1, 3, '2023-03-22 11:10:46.871837', '2023-03-22 11:10:46.871837', NULL),
	(7, 'MGyTyAFOmhNiiybe3yD8xfn5kmFjI8', NULL, 1, 2, '2023-03-22 11:11:14.924622', '2023-03-22 11:11:14.924622', NULL),
	(8, 'xAsoqTCOtZUX3i0qCqzSOVka6kaxzI', 8, 1, 2, '2023-03-22 13:09:11.315704', '2023-03-22 13:09:11.315704', NULL),
	(9, 'Y3Y1FkBamsHjqmHYs1u2b9ZwsL1yiA', NULL, 1, 4, '2023-03-22 14:35:19.537029', '2023-03-22 14:35:19.537029', NULL),
	(10, 'd1XEVf3cmPRsOxzycp6SWslqqexsva', NULL, 1, 4, '2023-03-22 15:31:39.680872', '2023-03-22 15:31:39.680872', NULL),
	(11, 'bWPTKoTHrleojZ2NytFT8KQbfILxif', NULL, 1, 2, '2023-03-22 16:09:15.455472', '2023-03-22 16:09:15.455472', NULL),
	(12, 'xjPwl7Vuw5aA8vrHuj0p3RlQebZZSt', NULL, 1, 4, '2023-03-22 16:13:42.156783', '2023-03-22 16:13:42.156783', NULL),
	(13, 'XrFH83Ri7gKH4TWPTOw2II3JpffmpU', NULL, 1, 3, '2023-03-22 20:55:11.395624', '2023-03-22 20:55:11.395624', NULL),
	(14, 'z50DdWGimRftLv58ewixfGuG9cNBij', 14, 1, 2, '2023-03-22 20:56:24.772352', '2023-03-22 20:56:24.772352', NULL),
	(15, 'zRgw1Qr2yxYTUNsOYURJlHSbFZH80F', 15, 1, 2, '2023-03-23 00:01:43.968247', '2023-03-23 00:01:43.968247', NULL),
	(16, 'u2eEwJKZwKoWngvDXNATUZXgYwmRky', 16, 1, 2, '2023-03-23 18:51:15.044177', '2023-03-23 18:51:15.044177', NULL),
	(17, 'ObU8ObEBFFmPOJOPjA63MhhJw6ZPcP', 17, 1, 2, '2023-03-23 21:31:51.268835', '2023-03-23 21:31:51.268835', NULL),
	(18, 'Mgo3340IgMmo5qhjC1agxZM7u65QJp', NULL, 1, 2, '2023-03-24 11:24:27.316898', '2023-03-24 11:24:27.316898', NULL),
	(19, 'br3TjZIHrEBNxX2V0kCqhZAN94FCNJ', NULL, 1, 2, '2023-03-24 12:18:50.340732', '2023-03-24 12:18:50.340732', NULL),
	(20, 'GmQLtaoO7U0hmupmrBzxVJNRGnKZcf', NULL, 1, 3, '2023-03-24 13:36:29.634127', '2023-03-24 13:36:29.634127', NULL),
	(21, 's05LVmRUkuAKUHVblyQRuuyCj2uGoq', NULL, 1, 2, '2023-03-24 13:37:02.741499', '2023-03-24 13:37:02.741499', NULL),
	(22, 'JQD9r8cRnOlEmvTwMLYfgqvpVRDimt', NULL, 1, 3, '2023-03-24 23:34:24.507217', '2023-03-24 23:34:24.507217', NULL),
	(23, 'K8uFQvBeTVIU6FoeYUtX1GUGVCY8R8', NULL, 1, 2, '2023-03-24 23:36:04.288924', '2023-03-24 23:36:04.288924', NULL),
	(24, '5dEEl2EpaFlDVQ42NiICiZUa8ah1vC', NULL, 1, 5, '2023-03-25 01:15:14.239975', '2023-03-25 01:15:14.239975', NULL),
	(25, 'shKH1N7EA60cwD3jyP7JkNkWvylRid', NULL, 1, 3, '2023-03-25 01:23:13.129788', '2023-03-25 01:23:13.129788', NULL),
	(26, 'hUlDK44kmgkHqfjWZgZxQcTYze1vQr', 26, 1, 2, '2023-03-25 01:29:01.698732', '2023-03-25 01:29:01.698732', NULL),
	(27, 'CqnmDOzA57te1UTl2ceTal6itHoRh5', NULL, 1, 2, '2023-03-25 18:38:17.744304', '2023-03-25 18:38:17.744304', NULL),
	(28, 'KKp7r2FixBKlDt8IayQ1sZUIUWWwek', NULL, 1, 3, '2023-03-26 00:20:59.590520', '2023-03-26 00:20:59.590520', NULL),
	(29, 'zcuMYRKv2VMgB5xrIHCFCCNETT1Amg', 29, 1, 2, '2023-03-26 00:39:33.420645', '2023-03-26 00:39:33.420645', NULL),
	(30, '97rX9jOdyMMzLjeAPTPraLsX7cEZmG', 30, 1, 2, '2023-03-26 12:44:42.198975', '2023-03-26 12:44:42.198975', NULL),
	(31, 'bIEx6jLAAZAkXKjemsx2NGvXe2QbS5', NULL, 1, 2, '2023-03-27 10:15:15.554386', '2023-03-27 10:15:15.554386', NULL),
	(32, 'SsTN9FlTINthYyGFScLMmjrpgt3LL4', NULL, 1, 3, '2023-03-27 13:40:50.607895', '2023-03-27 13:40:50.607895', NULL),
	(33, 'OfoGqKdYBBSU2KcROoROkLUhw8SYcc', NULL, 1, 2, '2023-03-27 17:28:23.387016', '2023-03-27 17:28:23.387016', NULL),
	(34, 'ocAVvWx5BQyFNhPyn6GOEYMhlkR6wu', NULL, 1, 3, '2023-03-27 17:29:41.064514', '2023-03-27 17:29:41.064514', NULL),
	(35, '98RpWjuqx81sNYgXDIKcrqYj4y0KPR', NULL, 1, 2, '2023-03-27 17:34:18.508138', '2023-03-27 17:34:18.508138', NULL),
	(36, 'IcX987To8yhXbzdtwT7WsrWn5xj2Xm', NULL, 1, 3, '2023-03-27 17:37:00.179874', '2023-03-27 17:37:00.179874', NULL),
	(37, '3hZsq8wurYSNkRT26wfBg206SlO2l3', NULL, 1, 3, '2023-03-27 17:39:52.009467', '2023-03-27 17:39:52.009467', NULL),
	(38, 'zu0KRJRPbqbBi3Sx2LrxUZcbupsNKQ', NULL, 1, 2, '2023-03-27 17:40:49.713274', '2023-03-27 17:40:49.713274', NULL),
	(39, 'hu15jzwqxWtME2BEURPXmErvXG3NNT', NULL, 1, 3, '2023-03-27 17:42:59.004546', '2023-03-27 17:42:59.004546', NULL),
	(40, 'dptvuI5TicUXEoupSZy8GfTHGQ1wdA', NULL, 1, 2, '2023-03-27 17:43:52.009047', '2023-03-27 17:43:52.009047', NULL),
	(41, 'nBkJRmFvGho2tyBDgOGalrfWicgbub', 41, 1, 3, '2023-03-27 18:42:23.514267', '2023-03-27 18:42:23.514267', NULL),
	(42, 'uuqhrgULHV75BX0wQr6f9EEFZ6bJrs', NULL, 1, 3, '2023-03-28 10:51:06.761586', '2023-03-28 10:51:06.761586', NULL),
	(43, 'sMXQ8lz9dWmS9eo8ucD3eisyC5DX4i', NULL, 1, 2, '2023-03-28 10:51:35.955568', '2023-03-28 10:51:35.955568', NULL),
	(44, 'rzynWdzmBlN925CdGPo3zjcDAov4M2', NULL, 1, 3, '2023-03-28 10:52:58.723927', '2023-03-28 10:52:58.723927', NULL),
	(45, 'U2DLXbCIVu9FIFAwGnJTAnjnOYwOpi', NULL, 1, 2, '2023-03-28 11:43:19.675284', '2023-03-28 11:43:19.675284', NULL),
	(46, 'lGCRczF3VQW9A8xguXNen9DlkcvpQL', NULL, 1, 3, '2023-03-28 12:15:35.323584', '2023-03-28 12:15:35.323584', NULL),
	(47, 'oJldjuiv8GTwgsXVTndbWmxsJrckjr', NULL, 1, 2, '2023-03-28 12:27:19.380859', '2023-03-28 12:27:19.380859', NULL),
	(48, 'Ya14i7pQS3CVxWc1CWfvY83PFrM9Vt', NULL, 1, 3, '2023-03-28 14:09:17.011757', '2023-03-28 14:09:17.011757', NULL),
	(49, 'rXzK760bfhHfoXzfiEokdlDyDfrgNP', NULL, 1, 2, '2023-03-28 18:42:44.374866', '2023-03-28 18:42:44.374866', NULL),
	(50, 'C1R3lye0IBNsTpvXHzStTcyCX6RdBV', NULL, 1, 3, '2023-03-29 01:13:57.953307', '2023-03-29 01:13:57.953307', NULL),
	(51, 'qR1dJ9gyrXkhi4lMypYLXAUGNu1zsT', NULL, 1, 6, '2023-03-29 01:21:04.087849', '2023-03-29 01:21:04.087849', NULL),
	(52, 'KKukf0YMTCOJhvqCd1y9U1qPugVOZn', NULL, 1, 2, '2023-03-29 01:24:37.151618', '2023-03-29 01:24:37.153143', NULL),
	(53, 'Xu86V8CuTRElRq9bHN5f0PJFkFWl2u', NULL, 1, 3, '2023-03-29 11:27:04.433374', '2023-03-29 11:27:04.433374', NULL),
	(54, 'RvX1ctaZ1uMueuy7m8bvELSB1n1Vg6', NULL, 1, 2, '2023-03-29 11:31:34.549400', '2023-03-29 11:31:34.549400', NULL),
	(55, 'FeWDJkdbx88uWT29ojMxikCrSTgdMM', 55, 1, 2, '2023-03-29 11:55:28.680051', '2023-03-29 11:55:28.680051', NULL);

-- Dumping structure for table myjob_db.social_auth_association
CREATE TABLE IF NOT EXISTS `social_auth_association` (
  `id` int NOT NULL AUTO_INCREMENT,
  `server_url` varchar(255) COLLATE utf8mb4_unicode_ci NOT NULL,
  `handle` varchar(255) COLLATE utf8mb4_unicode_ci NOT NULL,
  `secret` varchar(255) COLLATE utf8mb4_unicode_ci NOT NULL,
  `issued` int NOT NULL,
  `lifetime` int NOT NULL,
  `assoc_type` varchar(64) COLLATE utf8mb4_unicode_ci NOT NULL,
  PRIMARY KEY (`id`),
  UNIQUE KEY `social_auth_association_server_url_handle_078befa2_uniq` (`server_url`,`handle`)
) ENGINE=InnoDB DEFAULT CHARSET=utf8mb4 COLLATE=utf8mb4_unicode_ci;

-- Dumping data for table myjob_db.social_auth_association: ~0 rows (approximately)
DELETE FROM `social_auth_association`;

-- Dumping structure for table myjob_db.social_auth_code
CREATE TABLE IF NOT EXISTS `social_auth_code` (
  `id` int NOT NULL AUTO_INCREMENT,
  `email` varchar(254) COLLATE utf8mb4_unicode_ci NOT NULL,
  `code` varchar(32) COLLATE utf8mb4_unicode_ci NOT NULL,
  `verified` tinyint(1) NOT NULL,
  `timestamp` datetime(6) NOT NULL,
  PRIMARY KEY (`id`),
  UNIQUE KEY `social_auth_code_email_code_801b2d02_uniq` (`email`,`code`),
  KEY `social_auth_code_code_a2393167` (`code`),
  KEY `social_auth_code_timestamp_176b341f` (`timestamp`)
) ENGINE=InnoDB DEFAULT CHARSET=utf8mb4 COLLATE=utf8mb4_unicode_ci;

-- Dumping data for table myjob_db.social_auth_code: ~0 rows (approximately)
DELETE FROM `social_auth_code`;

-- Dumping structure for table myjob_db.social_auth_nonce
CREATE TABLE IF NOT EXISTS `social_auth_nonce` (
  `id` int NOT NULL AUTO_INCREMENT,
  `server_url` varchar(255) COLLATE utf8mb4_unicode_ci NOT NULL,
  `timestamp` int NOT NULL,
  `salt` varchar(65) COLLATE utf8mb4_unicode_ci NOT NULL,
  PRIMARY KEY (`id`),
  UNIQUE KEY `social_auth_nonce_server_url_timestamp_salt_f6284463_uniq` (`server_url`,`timestamp`,`salt`)
) ENGINE=InnoDB DEFAULT CHARSET=utf8mb4 COLLATE=utf8mb4_unicode_ci;

-- Dumping data for table myjob_db.social_auth_nonce: ~0 rows (approximately)
DELETE FROM `social_auth_nonce`;

-- Dumping structure for table myjob_db.social_auth_partial
CREATE TABLE IF NOT EXISTS `social_auth_partial` (
  `id` int NOT NULL AUTO_INCREMENT,
  `token` varchar(32) COLLATE utf8mb4_unicode_ci NOT NULL,
  `next_step` smallint unsigned NOT NULL,
  `backend` varchar(32) COLLATE utf8mb4_unicode_ci NOT NULL,
  `data` longtext COLLATE utf8mb4_unicode_ci NOT NULL,
  `timestamp` datetime(6) NOT NULL,
  PRIMARY KEY (`id`),
  KEY `social_auth_partial_token_3017fea3` (`token`),
  KEY `social_auth_partial_timestamp_50f2119f` (`timestamp`),
  CONSTRAINT `social_auth_partial_chk_1` CHECK ((`next_step` >= 0))
) ENGINE=InnoDB DEFAULT CHARSET=utf8mb4 COLLATE=utf8mb4_unicode_ci;

-- Dumping data for table myjob_db.social_auth_partial: ~0 rows (approximately)
DELETE FROM `social_auth_partial`;

-- Dumping structure for table myjob_db.social_auth_usersocialauth
CREATE TABLE IF NOT EXISTS `social_auth_usersocialauth` (
  `id` int NOT NULL AUTO_INCREMENT,
  `provider` varchar(32) COLLATE utf8mb4_unicode_ci NOT NULL,
  `uid` varchar(255) COLLATE utf8mb4_unicode_ci NOT NULL,
  `extra_data` longtext COLLATE utf8mb4_unicode_ci NOT NULL,
  `user_id` bigint NOT NULL,
  `created` datetime(6) NOT NULL,
  `modified` datetime(6) NOT NULL,
  PRIMARY KEY (`id`),
  UNIQUE KEY `social_auth_usersocialauth_provider_uid_e6b5e668_uniq` (`provider`,`uid`),
  KEY `social_auth_usersoci_user_id_17d28448_fk_myjob_aut` (`user_id`),
  KEY `social_auth_usersocialauth_uid_796e51dc` (`uid`),
  CONSTRAINT `social_auth_usersoci_user_id_17d28448_fk_myjob_aut` FOREIGN KEY (`user_id`) REFERENCES `myjob_authentication_user` (`id`)
) ENGINE=InnoDB DEFAULT CHARSET=utf8mb4 COLLATE=utf8mb4_unicode_ci;

-- Dumping data for table myjob_db.social_auth_usersocialauth: ~0 rows (approximately)
DELETE FROM `social_auth_usersocialauth`;

/*!40103 SET TIME_ZONE=IFNULL(@OLD_TIME_ZONE, 'system') */;
/*!40101 SET SQL_MODE=IFNULL(@OLD_SQL_MODE, '') */;
/*!40014 SET FOREIGN_KEY_CHECKS=IFNULL(@OLD_FOREIGN_KEY_CHECKS, 1) */;
/*!40101 SET CHARACTER_SET_CLIENT=@OLD_CHARACTER_SET_CLIENT */;
/*!40111 SET SQL_NOTES=IFNULL(@OLD_SQL_NOTES, 1) */;
